<?xml version="1.0" encoding="utf-8"?>
<!--/242812/1173075/2.50/11/4/Connector/-->
<quadcept_library>
  <setting unit="mil" />
  <textstyle name="Default" height="47.244094488189" strokewidth="7.8740157480315" charwidth="47.244094488189" />
  <textstyle name="Dimension" height="19.6850393700787" strokewidth="0" charwidth="19.6850393700787" />
  <textstyle name="H127W0635TH00762" height="50" strokewidth="3" charwidth="25" />
  <textstyle name="H15W15TH02" height="59.0551181102362" strokewidth="7.8740157480315" charwidth="59.0551181102362" />
  <padstyle name="r215_90" surface="True" plated="False" isvia="False" nopaste="False" nomask="True" complex="False" holesize="0">
    <padshape layer="TOP" shape="rectangle" width="35.433070866141" height="84.645669291338" />
    <padshape layer="TOP_SOLDER_MASK" shape="rectangle" width="43.307086614173" height="92.519685039369" />
    <padshape layer="TOP_SOLDER_PASTE" shape="rectangle" width="35.433070866141" height="84.645669291338" />
  </padstyle>
  <padstyle name="r260_90" surface="True" plated="False" isvia="False" nopaste="False" nomask="True" complex="False" holesize="0">
    <padshape layer="TOP" shape="rectangle" width="35.433070866141" height="102.36220472441" />
    <padshape layer="TOP_SOLDER_MASK" shape="rectangle" width="43.307086614173" height="110.23622047244" />
    <padshape layer="TOP_SOLDER_PASTE" shape="rectangle" width="35.433070866141" height="102.36220472441" />
  </padstyle>
  <padstyle name="c343.8_h229.22" surface="False" plated="True" isvia="False" nopaste="True" nomask="True" complex="False" holesize="90.244094488188">
    <padshape layer="TOP" shape="round" width="135.35433070866" height="135.35433070866" />
    <padshape layer="TOP_SOLDER_MASK" shape="round" width="143.22834645669" height="143.22834645669" />
    <padshape layer="INNER" shape="round" width="135.35433070866" height="135.35433070866" />
    <padshape layer="BOTTOM" shape="round" width="135.35433070866" height="135.35433070866" />
    <padshape layer="BOTTOM_SOLDER_MASK" shape="round" width="143.22834645669" height="143.22834645669" />
  </padstyle>
  <padstyle name="c100_h200" surface="False" plated="True" isvia="False" nopaste="True" nomask="True" complex="False" holesize="78.740157480314">
    <padshape layer="TOP" shape="round" width="39.370078740157" height="39.370078740157" />
    <padshape layer="TOP_SOLDER_MASK" shape="round" width="47.244094488188" height="47.244094488188" />
    <padshape layer="INNER" shape="round" width="39.370078740157" height="39.370078740157" />
    <padshape layer="BOTTOM" shape="round" width="39.370078740157" height="39.370078740157" />
    <padshape layer="BOTTOM_SOLDER_MASK" shape="round" width="47.244094488188" height="47.244094488188" />
  </padstyle>
  <footprint name="692122030100" originx="0" originy="0" pickpointx="0" pickpointy="0">
    <pcbpin number="1" name="1" style="r260_90" originx="-147.63779527559" originy="205.51181102362" rotation="0" />
    <pcbpin number="2" name="2" style="r260_90" originx="-49.212598425196" originy="205.51181102362" rotation="0" />
    <pcbpin number="3" name="3" style="r260_90" originx="49.212598425196" originy="205.51181102362" rotation="0" />
    <pcbpin number="4" name="4" style="r260_90" originx="147.63779527559" originy="205.51181102362" rotation="0" />
    <pcbpin number="5" name="5" style="r215_90" originx="196.85039370078" originy="214.37007874015" rotation="0" />
    <pcbpin number="6" name="6" style="r215_90" originx="98.425196850392" originy="214.37007874015" rotation="0" />
    <pcbpin number="7" name="7" style="r215_90" originx="0" originy="214.37007874015" rotation="0" />
    <pcbpin number="8" name="8" style="r215_90" originx="-98.425196850392" originy="214.37007874015" rotation="0" />
    <pcbpin number="9" name="9" style="r215_90" originx="-196.85039370078" originy="214.37007874015" rotation="0" />
    <pcbpin number="10" name="MH1" style="c343.8_h229.22" originx="-267.71653543307" originy="0" rotation="90" />
    <pcbpin number="11" name="MH2" style="c343.8_h229.22" originx="267.71653543307" originy="0" rotation="90" />
    <pcbpin number="12" name="MH3" style="c100_h200" originx="-133.85826771653" originy="0" rotation="90" />
    <pcbpin number="13" name="MH4" style="c100_h200" originx="133.85826771653" originy="0" rotation="90" />
    <line layer="TOP_ASSEMBLY" originx="-257.87401574803" originy="177.95275590551" endx="257.87401574803" endy="177.95275590551" width="7.8740157480314" />
    <line layer="TOP_ASSEMBLY" originx="257.87401574803" originy="177.95275590551" endx="257.87401574803" endy="-463.77952755905" width="7.8740157480314" />
    <line layer="TOP_ASSEMBLY" originx="257.87401574803" originy="-463.77952755905" endx="-257.87401574803" endy="-463.77952755905" width="7.8740157480314" />
    <line layer="TOP_ASSEMBLY" originx="-257.87401574803" originy="-463.77952755905" endx="-257.87401574803" endy="177.95275590551" width="7.8740157480314" />
    <line layer="TOP_PLACE_BOUND" originx="-353.11023622047" originy="307.08661417322" endx="353.11023622047" endy="307.08661417322" width="3.9370078740157" />
    <line layer="TOP_PLACE_BOUND" originx="353.11023622047" originy="307.08661417322" endx="353.11023622047" endy="-517.28346456692" width="3.9370078740157" />
    <line layer="TOP_PLACE_BOUND" originx="353.11023622047" originy="-517.28346456692" endx="-353.11023622047" endy="-517.28346456692" width="3.9370078740157" />
    <line layer="TOP_PLACE_BOUND" originx="-353.11023622047" originy="-517.28346456692" endx="-353.11023622047" endy="307.08661417322" width="3.9370078740157" />
    <line layer="TOP_SILKSCREEN" originx="-257.87401574803" originy="177.95275590551" endx="-257.87401574803" endy="99.212598425196" width="3.9370078740157" />
    <line layer="TOP_SILKSCREEN" originx="257.87401574803" originy="177.95275590551" endx="257.87401574803" endy="99.212598425196" width="3.9370078740157" />
    <line layer="TOP_SILKSCREEN" originx="-257.87401574803" originy="-97.598425196849" endx="-257.87401574803" endy="-463.77952755905" width="3.9370078740157" />
    <line layer="TOP_SILKSCREEN" originx="-257.87401574803" originy="-463.77952755905" endx="257.87401574803" endy="-463.77952755905" width="3.9370078740157" />
    <line layer="TOP_SILKSCREEN" originx="257.87401574803" originy="-463.77952755905" endx="257.87401574803" endy="-97.598425196849" width="3.9370078740157" />
    <line layer="TOP_SILKSCREEN" originx="-147.63779527559" originy="273.74015748031" endx="-147.63779527559" endy="273.74015748031" width="7.8740157480314" />
    <arc layer="TOP_SILKSCREEN" originx="-147.63779527559" originy="277.67716535433" startangle="-90.0" sweepangle="180.0" radius="3.9370078740157" width="7.8740157480314" />
    <line layer="TOP_SILKSCREEN" originx="-147.63779527559" originy="281.61417322834" endx="-147.63779527559" endy="281.61417322834" width="7.8740157480314" />
    <arc layer="TOP_SILKSCREEN" originx="-147.63779527559" originy="277.67716535433" startangle="90.0" sweepangle="180.0" radius="3.9370078740157" width="7.8740157480314" />
  </footprint>
  <symbol name="692122030100" originx="0" originy="0">
    <line originx="200" originy="100" endx="700" endy="100" width="0" />
    <line originx="700" originy="-600" endx="700" endy="100" width="0" />
    <line originx="700" originy="-600" endx="200" endy="-600" width="0" />
    <line originx="200" originy="100" endx="200" endy="-600" width="0" />
    <sympin number="1" originx="700" originy="0" rotation="0" length="100" width="7.8740157480315" flipped="False">
      <text name="pinname" originx="670" originy="0" style="Default" rotation="0" justify="right" flipped="False" hidden="False" data="VBUS" />
      <text name="pindes" originx="760" originy="20" style="Default" rotation="0" justify="lowerleft" flipped="False" hidden="False" data="1" />
    </sympin>
    <sympin number="2" originx="200" originy="0" rotation="180" length="100" width="7.8740157480315" flipped="False">
      <text name="pinname" originx="230" originy="0" style="Default" rotation="0" justify="left" flipped="False" hidden="False" data="D-" />
      <text name="pindes" originx="140" originy="20" style="Default" rotation="0" justify="lowerright" flipped="False" hidden="False" data="2" />
    </sympin>
    <sympin number="3" originx="200" originy="-100" rotation="180" length="100" width="7.8740157480315" flipped="False">
      <text name="pinname" originx="230" originy="-100" style="Default" rotation="0" justify="left" flipped="False" hidden="False" data="D+" />
      <text name="pindes" originx="140" originy="-80" style="Default" rotation="0" justify="lowerright" flipped="False" hidden="False" data="3" />
    </sympin>
    <sympin number="4" originx="700" originy="-100" rotation="0" length="100" width="7.8740157480315" flipped="False">
      <text name="pinname" originx="670" originy="-100" style="Default" rotation="0" justify="right" flipped="False" hidden="False" data="GND" />
      <text name="pindes" originx="760" originy="-80" style="Default" rotation="0" justify="lowerleft" flipped="False" hidden="False" data="4" />
    </sympin>
    <sympin number="5" originx="200" originy="-200" rotation="180" length="100" width="7.8740157480315" flipped="False">
      <text name="pinname" originx="230" originy="-200" style="Default" rotation="0" justify="left" flipped="False" hidden="False" data="STDA_SSRX" />
      <text name="pindes" originx="140" originy="-180" style="Default" rotation="0" justify="lowerright" flipped="False" hidden="False" data="5" />
    </sympin>
    <sympin number="6" originx="200" originy="-300" rotation="180" length="100" width="7.8740157480315" flipped="False">
      <text name="pinname" originx="230" originy="-300" style="Default" rotation="0" justify="left" flipped="False" hidden="False" data="STDA_SSRX+" />
      <text name="pindes" originx="140" originy="-280" style="Default" rotation="0" justify="lowerright" flipped="False" hidden="False" data="6" />
    </sympin>
    <sympin number="7" originx="700" originy="-200" rotation="0" length="100" width="7.8740157480315" flipped="False">
      <text name="pinname" originx="670" originy="-200" style="Default" rotation="0" justify="right" flipped="False" hidden="False" data="GND_DRAIN" />
      <text name="pindes" originx="760" originy="-180" style="Default" rotation="0" justify="lowerleft" flipped="False" hidden="False" data="7" />
    </sympin>
    <sympin number="8" originx="200" originy="-400" rotation="180" length="100" width="7.8740157480315" flipped="False">
      <text name="pinname" originx="230" originy="-400" style="Default" rotation="0" justify="left" flipped="False" hidden="False" data="STDA_SSTX" />
      <text name="pindes" originx="140" originy="-380" style="Default" rotation="0" justify="lowerright" flipped="False" hidden="False" data="8" />
    </sympin>
    <sympin number="9" originx="200" originy="-500" rotation="180" length="100" width="7.8740157480315" flipped="False">
      <text name="pinname" originx="230" originy="-500" style="Default" rotation="0" justify="left" flipped="False" hidden="False" data="STDA_SSTX+" />
      <text name="pindes" originx="140" originy="-480" style="Default" rotation="0" justify="lowerright" flipped="False" hidden="False" data="9" />
    </sympin>
    <sympin number="10" originx="700" originy="-300" rotation="0" length="100" width="7.8740157480315" flipped="False">
      <text name="pinname" originx="670" originy="-300" style="Default" rotation="0" justify="right" flipped="False" hidden="False" data="MH1" />
      <text name="pindes" originx="760" originy="-280" style="Default" rotation="0" justify="lowerleft" flipped="False" hidden="False" data="MH1" />
    </sympin>
    <sympin number="11" originx="700" originy="-400" rotation="0" length="100" width="7.8740157480315" flipped="False">
      <text name="pinname" originx="670" originy="-400" style="Default" rotation="0" justify="right" flipped="False" hidden="False" data="MH2" />
      <text name="pindes" originx="760" originy="-380" style="Default" rotation="0" justify="lowerleft" flipped="False" hidden="False" data="MH2" />
    </sympin>
  </symbol>
  <component name="692122030100" designatorprefix="J" height="297.24409448819" footprint="692122030100">
    <comppin designator="1" sympin="1" pinswap="0" gateswap="0" gate="1" group="1" side="" type="Any" name="VBUS" />
    <comppin designator="2" sympin="2" pinswap="0" gateswap="0" gate="1" group="1" side="" type="Any" name="D-" />
    <comppin designator="3" sympin="3" pinswap="0" gateswap="0" gate="1" group="1" side="" type="Any" name="D+" />
    <comppin designator="4" sympin="4" pinswap="0" gateswap="0" gate="1" group="1" side="" type="Any" name="GND" />
    <comppin designator="5" sympin="5" pinswap="0" gateswap="0" gate="1" group="1" side="" type="Any" name="STDA_SSRX" />
    <comppin designator="6" sympin="6" pinswap="0" gateswap="0" gate="1" group="1" side="" type="Any" name="STDA_SSRX+" />
    <comppin designator="7" sympin="7" pinswap="0" gateswap="0" gate="1" group="1" side="" type="Any" name="GND_DRAIN" />
    <comppin designator="8" sympin="8" pinswap="0" gateswap="0" gate="1" group="1" side="" type="Any" name="STDA_SSTX" />
    <comppin designator="9" sympin="9" pinswap="0" gateswap="0" gate="1" group="1" side="" type="Any" name="STDA_SSTX+" />
    <comppin designator="MH1" sympin="10" pinswap="0" gateswap="0" gate="1" group="1" side="" type="Any" name="MH1" />
    <comppin designator="MH2" sympin="11" pinswap="0" gateswap="0" gate="1" group="1" side="" type="Any" name="MH2" />
    <attached_symbol gate="1" name="692122030100" />
    <pinmap designator="1" footprintpin="1" />
    <pinmap designator="2" footprintpin="2" />
    <pinmap designator="3" footprintpin="3" />
    <pinmap designator="4" footprintpin="4" />
    <pinmap designator="5" footprintpin="5" />
    <pinmap designator="6" footprintpin="6" />
    <pinmap designator="7" footprintpin="7" />
    <pinmap designator="8" footprintpin="8" />
    <pinmap designator="9" footprintpin="9" />
    <pinmap designator="MH1" footprintpin="10" />
    <pinmap designator="MH2" footprintpin="11" />
    <text name="Datasheet" originx="0" originy="0" style="Default" rotation="0" justify="" flipped="False" hidden="True" data="https://katalog.we-online.de/em/datasheet/692122030100.pdf" />
    <text name="Description" originx="0" originy="0" style="Default" rotation="0" justify="" flipped="False" hidden="True" data="Wurth Elektronik WR-COM Series, Right Angle Through Hole, Version 3.0 Type A USB Connector, Receptacle" />
    <text name="Manufacturer_Name" originx="0" originy="0" style="Default" rotation="0" justify="" flipped="False" hidden="True" data="Wurth Elektronik" />
    <text name="Manufacturer_Part_Number" originx="750" originy="200" style="Default" rotation="0" justify="left" flipped="False" hidden="False" data="692122030100" />
    <text name="Mouser Part Number" originx="0" originy="0" style="Default" rotation="0" justify="" flipped="False" hidden="True" data="710-692122030100" />
    <text name="Mouser Price/Stock" originx="0" originy="0" style="Default" rotation="0" justify="" flipped="False" hidden="True" data="https://www.mouser.co.uk/ProductDetail/Wurth-Elektronik/692122030100?qs=e5m3IbTHPW%252BwkSEzX%252BzXuw%3D%3D" />
    <text name="Arrow Part Number" originx="0" originy="0" style="Default" rotation="0" justify="" flipped="False" hidden="True" data="" />
    <text name="Arrow Price/Stock" originx="0" originy="0" style="Default" rotation="0" justify="" flipped="False" hidden="True" data="" />
  </component>
</quadcept_library>
