<?xml version="1.0" encoding="utf-8"?>
<!--/15698779/1173075/2.50/2/3/Ferrite Bead/-->
<quadcept_library>
  <setting unit="mil" />
  <textstyle name="Default" height="47.244094488189" strokewidth="7.8740157480315" charwidth="47.244094488189" />
  <textstyle name="Dimension" height="19.6850393700787" strokewidth="0" charwidth="19.6850393700787" />
  <textstyle name="H127W0635TH00762" height="50" strokewidth="3" charwidth="25" />
  <textstyle name="H15W15TH02" height="59.0551181102362" strokewidth="7.8740157480315" charwidth="59.0551181102362" />
  <padstyle name="r100_95" surface="True" plated="False" isvia="False" nopaste="False" nomask="True" complex="False" holesize="0">
    <padshape layer="TOP" shape="rectangle" width="37.401574803149" height="39.370078740157" />
    <padshape layer="TOP_SOLDER_MASK" shape="rectangle" width="45.275590551181" height="47.244094488188" />
    <padshape layer="TOP_SOLDER_PASTE" shape="rectangle" width="37.401574803149" height="39.370078740157" />
  </padstyle>
  <footprint name="BEADC1608X100N" originx="0" originy="0" pickpointx="0" pickpointy="0">
    <pcbpin number="1" name="1" style="r100_95" originx="-31.496062992126" originy="0" rotation="0" />
    <pcbpin number="2" name="2" style="r100_95" originx="31.496062992126" originy="0" rotation="0" />
    <line layer="TOP_PLACE_BOUND" originx="-60.039370078739" originy="29.527559055118" endx="60.039370078739" endy="29.527559055118" width="1.9685039370079" />
    <line layer="TOP_PLACE_BOUND" originx="60.039370078739" originy="29.527559055118" endx="60.039370078739" endy="-29.527559055118" width="1.9685039370079" />
    <line layer="TOP_PLACE_BOUND" originx="60.039370078739" originy="-29.527559055118" endx="-60.039370078739" endy="-29.527559055118" width="1.9685039370079" />
    <line layer="TOP_PLACE_BOUND" originx="-60.039370078739" originy="-29.527559055118" endx="-60.039370078739" endy="29.527559055118" width="1.9685039370079" />
    <line layer="TOP_ASSEMBLY" originx="-31.496062992126" originy="15.748031496063" endx="31.496062992126" endy="15.748031496063" width="3.9370078740157" />
    <line layer="TOP_ASSEMBLY" originx="31.496062992126" originy="15.748031496063" endx="31.496062992126" endy="-15.748031496063" width="3.9370078740157" />
    <line layer="TOP_ASSEMBLY" originx="31.496062992126" originy="-15.748031496063" endx="-31.496062992126" endy="-15.748031496063" width="3.9370078740157" />
    <line layer="TOP_ASSEMBLY" originx="-31.496062992126" originy="-15.748031496063" endx="-31.496062992126" endy="15.748031496063" width="3.9370078740157" />
    <line layer="TOP_SILKSCREEN" originx="0" originy="11.811023622047" endx="0" endy="-11.811023622047" width="7.8740157480314" />
  </footprint>
  <symbol name="EXC-3BP121H" originx="0" originy="0">
    <line originx="200" originy="100" endx="600" endy="100" width="0" />
    <line originx="600" originy="-200" endx="600" endy="100" width="0" />
    <line originx="600" originy="-200" endx="200" endy="-200" width="0" />
    <line originx="200" originy="100" endx="200" endy="-200" width="0" />
    <sympin number="1" originx="200" originy="0" rotation="180" length="100" width="7.8740157480315" flipped="False">
      <text name="pinname" originx="230" originy="0" style="Default" rotation="0" justify="left" flipped="False" hidden="False" data="1" />
      <text name="pindes" originx="140" originy="20" style="Default" rotation="0" justify="lowerright" flipped="False" hidden="False" data="1" />
    </sympin>
    <sympin number="2" originx="200" originy="-100" rotation="180" length="100" width="7.8740157480315" flipped="False">
      <text name="pinname" originx="230" originy="-100" style="Default" rotation="0" justify="left" flipped="False" hidden="False" data="2" />
      <text name="pindes" originx="140" originy="-80" style="Default" rotation="0" justify="lowerright" flipped="False" hidden="False" data="2" />
    </sympin>
  </symbol>
  <component name="EXC-3BP121H" designatorprefix="FB" height="39.370078740157" footprint="BEADC1608X100N">
    <comppin designator="1" sympin="1" pinswap="0" gateswap="0" gate="1" group="1" side="" type="Any" name="1" />
    <comppin designator="2" sympin="2" pinswap="0" gateswap="0" gate="1" group="1" side="" type="Any" name="2" />
    <attached_symbol gate="1" name="EXC-3BP121H" />
    <pinmap designator="1" footprintpin="1" />
    <pinmap designator="2" footprintpin="2" />
    <text name="Datasheet" originx="0" originy="0" style="Default" rotation="0" justify="" flipped="False" hidden="True" data="https://industrial.panasonic.com/cdbs/www-data/pdf/AWF0000/AWF0000CE2.pdf" />
    <text name="Description" originx="0" originy="0" style="Default" rotation="0" justify="" flipped="False" hidden="True" data="Chip Bead Cores Type:EXCCL EXCML EXC3B" />
    <text name="Manufacturer_Name" originx="0" originy="0" style="Default" rotation="0" justify="" flipped="False" hidden="True" data="Panasonic" />
    <text name="Manufacturer_Part_Number" originx="650" originy="200" style="Default" rotation="0" justify="left" flipped="False" hidden="False" data="EXC-3BP121H" />
    <text name="Mouser Part Number" originx="0" originy="0" style="Default" rotation="0" justify="" flipped="False" hidden="True" data="" />
    <text name="Mouser Price/Stock" originx="0" originy="0" style="Default" rotation="0" justify="" flipped="False" hidden="True" data="" />
    <text name="Arrow Part Number" originx="0" originy="0" style="Default" rotation="0" justify="" flipped="False" hidden="True" data="" />
    <text name="Arrow Price/Stock" originx="0" originy="0" style="Default" rotation="0" justify="" flipped="False" hidden="True" data="" />
  </component>
</quadcept_library>
