<?xml version="1.0" encoding="utf-8"?>
<!--/269057/1173075/2.50/10/4/Connector/-->
<quadcept_library>
  <setting unit="mil" />
  <textstyle name="Default" height="47.244094488189" strokewidth="7.8740157480315" charwidth="47.244094488189" />
  <textstyle name="Dimension" height="19.6850393700787" strokewidth="0" charwidth="19.6850393700787" />
  <textstyle name="H127W0635TH00762" height="50" strokewidth="3" charwidth="25" />
  <textstyle name="H15W15TH02" height="59.0551181102362" strokewidth="7.8740157480315" charwidth="59.0551181102362" />
  <padstyle name="r110_70" surface="True" plated="False" isvia="False" nopaste="False" nomask="True" complex="False" holesize="0">
    <padshape layer="TOP" shape="rectangle" width="27.55905511811" height="43.307086614173" />
    <padshape layer="TOP_SOLDER_MASK" shape="rectangle" width="35.433070866141" height="51.181102362204" />
    <padshape layer="TOP_SOLDER_PASTE" shape="rectangle" width="27.55905511811" height="43.307086614173" />
  </padstyle>
  <padstyle name="r183_114" surface="True" plated="False" isvia="False" nopaste="False" nomask="True" complex="False" holesize="0">
    <padshape layer="TOP" shape="rectangle" width="44.881889763779" height="72.047244094487" />
    <padshape layer="TOP_SOLDER_MASK" shape="rectangle" width="52.75590551181" height="79.921259842519" />
    <padshape layer="TOP_SOLDER_PASTE" shape="rectangle" width="44.881889763779" height="72.047244094487" />
  </padstyle>
  <padstyle name="r333_70" surface="True" plated="False" isvia="False" nopaste="False" nomask="True" complex="False" holesize="0">
    <padshape layer="TOP" shape="rectangle" width="27.55905511811" height="131.10236220472" />
    <padshape layer="TOP_SOLDER_MASK" shape="rectangle" width="35.433070866141" height="138.97637795275" />
    <padshape layer="TOP_SOLDER_PASTE" shape="rectangle" width="27.55905511811" height="131.10236220472" />
  </padstyle>
  <padstyle name="r93_90" surface="True" plated="False" isvia="False" nopaste="False" nomask="True" complex="False" holesize="0">
    <padshape layer="TOP" shape="rectangle" width="35.433070866141" height="36.614173228346" />
    <padshape layer="TOP_SOLDER_MASK" shape="rectangle" width="43.307086614173" height="44.488188976377" />
    <padshape layer="TOP_SOLDER_PASTE" shape="rectangle" width="35.433070866141" height="36.614173228346" />
  </padstyle>
  <padstyle name="r105_78" surface="True" plated="False" isvia="False" nopaste="False" nomask="True" complex="False" holesize="0">
    <padshape layer="TOP" shape="rectangle" width="30.708661417322" height="41.338582677165" />
    <padshape layer="TOP_SOLDER_MASK" shape="rectangle" width="38.582677165354" height="49.212598425196" />
    <padshape layer="TOP_SOLDER_PASTE" shape="rectangle" width="30.708661417322" height="41.338582677165" />
  </padstyle>
  <padstyle name="r280_86" surface="True" plated="False" isvia="False" nopaste="False" nomask="True" complex="False" holesize="0">
    <padshape layer="TOP" shape="rectangle" width="33.858267716535" height="110.23622047244" />
    <padshape layer="TOP_SOLDER_MASK" shape="rectangle" width="41.732283464566" height="118.11023622047" />
    <padshape layer="TOP_SOLDER_PASTE" shape="rectangle" width="33.858267716535" height="110.23622047244" />
  </padstyle>
  <footprint name="503398-1892" originx="0" originy="0" pickpointx="0" pickpointy="0">
    <pcbpin number="1" name="1" style="r110_70" originx="164.17322834645" originy="-55.11811023622" rotation="0" />
    <pcbpin number="2" name="2" style="r110_70" originx="207.48031496063" originy="-55.11811023622" rotation="0" />
    <pcbpin number="3" name="3" style="r110_70" originx="250.7874015748" originy="-55.11811023622" rotation="0" />
    <pcbpin number="4" name="4" style="r110_70" originx="294.09448818897" originy="-55.11811023622" rotation="0" />
    <pcbpin number="5" name="5" style="r110_70" originx="337.40157480315" originy="-55.11811023622" rotation="0" />
    <pcbpin number="6" name="6" style="r110_70" originx="380.70866141732" originy="-55.11811023622" rotation="0" />
    <pcbpin number="7" name="7" style="r110_70" originx="424.01574803149" originy="-55.11811023622" rotation="0" />
    <pcbpin number="8" name="8" style="r110_70" originx="467.32283464566" originy="-55.11811023622" rotation="0" />
    <pcbpin number="9" name="9" style="r93_90" originx="93.700787401574" originy="-545.86614173228" rotation="0" />
    <pcbpin number="10" name="10" style="r105_78" originx="261.61417322834" originy="-548.81889763779" rotation="90" />
    <pcbpin number="11" name="11" style="r333_70" originx="512.99212598425" originy="-498.62204724409" rotation="0" />
    <pcbpin number="12" name="12" style="r280_86" originx="509.84251968503" originy="-74.803149606298" rotation="0" />
    <pcbpin number="13" name="13" style="r183_114" originx="11.417322834646" originy="-55.708661417322" rotation="0" />
    <pcbpin number="14" name="14" style="r333_70" originx="2.755905511811" originy="-498.62204724409" rotation="0" />
    <line layer="TOP_ASSEMBLY" originx="0" originy="0" endx="0" endy="-553.14960629921" width="7.8740157480314" />
    <line layer="TOP_ASSEMBLY" originx="0" originy="-553.14960629921" endx="515.74803149606" endy="-553.14960629921" width="7.8740157480314" />
    <line layer="TOP_ASSEMBLY" originx="515.74803149606" originy="-553.14960629921" endx="515.74803149606" endy="0" width="7.8740157480314" />
    <line layer="TOP_ASSEMBLY" originx="0" originy="0" endx="112.16535433071" endy="0" width="7.8740157480314" />
    <line layer="TOP_ASSEMBLY" originx="515.74803149606" originy="0" endx="491.10236220472" endy="0" width="7.8740157480314" />
    <line layer="TOP_ASSEMBLY" originx="491.10236220472" originy="0" endx="491.10236220472" endy="-95.27559055118" width="7.8740157480314" />
    <line layer="TOP_ASSEMBLY" originx="491.10236220472" originy="-95.27559055118" endx="139.92125984252" endy="-95.27559055118" width="7.8740157480314" />
    <line layer="TOP_ASSEMBLY" originx="112.16535433071" originy="0" endx="139.92125984252" endy="-95.27559055118" width="7.8740157480314" />
    <line layer="TOP_SILKSCREEN" originx="0" originy="0" endx="112.16535433071" endy="0" width="7.8740157480314" />
    <line layer="TOP_SILKSCREEN" originx="112.16535433071" originy="0" endx="139.92125984252" endy="-95.27559055118" width="7.8740157480314" />
    <line layer="TOP_SILKSCREEN" originx="139.92125984252" originy="-95.27559055118" endx="476.73228346456" endy="-95.27559055118" width="7.8740157480314" />
    <line layer="TOP_SILKSCREEN" originx="515.74803149606" originy="-143.70078740157" endx="515.74803149606" endy="-419.29133858267" width="7.8740157480314" />
    <line layer="TOP_SILKSCREEN" originx="0" originy="-104.33070866142" endx="0" endy="-419.21259842519" width="7.8740157480314" />
    <line layer="TOP_SILKSCREEN" originx="515.74803149606" originy="0" endx="491.10236220472" endy="0" width="7.8740157480314" />
    <line layer="TOP_SILKSCREEN" originx="295.27559055118" originy="-553.14960629921" endx="484.25196850393" endy="-553.14960629921" width="7.8740157480314" />
    <line layer="TOP_SILKSCREEN" originx="124.01574803149" originy="-553.14960629921" endx="228.34645669291" endy="-553.14960629921" width="7.8740157480314" />
    <line layer="TOP_SILKSCREEN" originx="29.133858267716" originy="-553.14960629921" endx="62.992125984251" endy="-553.14960629921" width="7.8740157480314" />
    <arc layer="TOP_SILKSCREEN" originx="162.04724409449" originy="-14.015748031496" startangle="180" sweepangle="180" radius="2.1484251968504" width="7.8740157480314" />
    <arc layer="TOP_SILKSCREEN" originx="162.04724409449" originy="-14.015748031496" startangle="180" sweepangle="-180" radius="2.1484251968504" width="7.8740157480314" />
  </footprint>
  <symbol name="503398-1892" originx="0" originy="0">
    <line originx="200" originy="100" endx="1500" endy="100" width="0" />
    <line originx="1500" originy="-500" endx="1500" endy="100" width="0" />
    <line originx="1500" originy="-500" endx="200" endy="-500" width="0" />
    <line originx="200" originy="100" endx="200" endy="-500" width="0" />
    <sympin number="1" originx="200" originy="0" rotation="180" length="100" width="7.8740157480315" flipped="False">
      <text name="pinname" originx="230" originy="0" style="Default" rotation="0" justify="left" flipped="False" hidden="False" data="DAT2" />
      <text name="pindes" originx="140" originy="20" style="Default" rotation="0" justify="lowerright" flipped="False" hidden="False" data="1" />
    </sympin>
    <sympin number="2" originx="200" originy="-100" rotation="180" length="100" width="7.8740157480315" flipped="False">
      <text name="pinname" originx="230" originy="-100" style="Default" rotation="0" justify="left" flipped="False" hidden="False" data="CD/DAT3" />
      <text name="pindes" originx="140" originy="-80" style="Default" rotation="0" justify="lowerright" flipped="False" hidden="False" data="2" />
    </sympin>
    <sympin number="3" originx="200" originy="-200" rotation="180" length="100" width="7.8740157480315" flipped="False">
      <text name="pinname" originx="230" originy="-200" style="Default" rotation="0" justify="left" flipped="False" hidden="False" data="CMD" />
      <text name="pindes" originx="140" originy="-180" style="Default" rotation="0" justify="lowerright" flipped="False" hidden="False" data="3" />
    </sympin>
    <sympin number="4" originx="200" originy="-300" rotation="180" length="100" width="7.8740157480315" flipped="False">
      <text name="pinname" originx="230" originy="-300" style="Default" rotation="0" justify="left" flipped="False" hidden="False" data="VDD" />
      <text name="pindes" originx="140" originy="-280" style="Default" rotation="0" justify="lowerright" flipped="False" hidden="False" data="4" />
    </sympin>
    <sympin number="5" originx="200" originy="-400" rotation="180" length="100" width="7.8740157480315" flipped="False">
      <text name="pinname" originx="230" originy="-400" style="Default" rotation="0" justify="left" flipped="False" hidden="False" data="CLK" />
      <text name="pindes" originx="140" originy="-380" style="Default" rotation="0" justify="lowerright" flipped="False" hidden="False" data="5" />
    </sympin>
    <sympin number="6" originx="1500" originy="0" rotation="0" length="100" width="7.8740157480315" flipped="False">
      <text name="pinname" originx="1470" originy="0" style="Default" rotation="0" justify="right" flipped="False" hidden="False" data="VSS" />
      <text name="pindes" originx="1560" originy="20" style="Default" rotation="0" justify="lowerleft" flipped="False" hidden="False" data="6" />
    </sympin>
    <sympin number="7" originx="1500" originy="-100" rotation="0" length="100" width="7.8740157480315" flipped="False">
      <text name="pinname" originx="1470" originy="-100" style="Default" rotation="0" justify="right" flipped="False" hidden="False" data="DAT0" />
      <text name="pindes" originx="1560" originy="-80" style="Default" rotation="0" justify="lowerleft" flipped="False" hidden="False" data="7" />
    </sympin>
    <sympin number="8" originx="1500" originy="-200" rotation="0" length="100" width="7.8740157480315" flipped="False">
      <text name="pinname" originx="1470" originy="-200" style="Default" rotation="0" justify="right" flipped="False" hidden="False" data="DAT1" />
      <text name="pindes" originx="1560" originy="-180" style="Default" rotation="0" justify="lowerleft" flipped="False" hidden="False" data="8" />
    </sympin>
    <sympin number="9" originx="1500" originy="-300" rotation="0" length="100" width="7.8740157480315" flipped="False">
      <text name="pinname" originx="1470" originy="-300" style="Default" rotation="0" justify="right" flipped="False" hidden="False" data="DETECT_LEVER" />
      <text name="pindes" originx="1560" originy="-280" style="Default" rotation="0" justify="lowerleft" flipped="False" hidden="False" data="9" />
    </sympin>
    <sympin number="10" originx="1500" originy="-400" rotation="0" length="100" width="7.8740157480315" flipped="False">
      <text name="pinname" originx="1470" originy="-400" style="Default" rotation="0" justify="right" flipped="False" hidden="False" data="DETECT_SWITCH" />
      <text name="pindes" originx="1560" originy="-380" style="Default" rotation="0" justify="lowerleft" flipped="False" hidden="False" data="10" />
    </sympin>
  </symbol>
  <component name="503398-1892" designatorprefix="J" height="0" footprint="503398-1892">
    <comppin designator="1" sympin="1" pinswap="0" gateswap="0" gate="1" group="1" side="" type="Any" name="DAT2" />
    <comppin designator="2" sympin="2" pinswap="0" gateswap="0" gate="1" group="1" side="" type="Any" name="CD/DAT3" />
    <comppin designator="3" sympin="3" pinswap="0" gateswap="0" gate="1" group="1" side="" type="Any" name="CMD" />
    <comppin designator="4" sympin="4" pinswap="0" gateswap="0" gate="1" group="1" side="" type="Any" name="VDD" />
    <comppin designator="5" sympin="5" pinswap="0" gateswap="0" gate="1" group="1" side="" type="Any" name="CLK" />
    <comppin designator="6" sympin="6" pinswap="0" gateswap="0" gate="1" group="1" side="" type="Any" name="VSS" />
    <comppin designator="7" sympin="7" pinswap="0" gateswap="0" gate="1" group="1" side="" type="Any" name="DAT0" />
    <comppin designator="8" sympin="8" pinswap="0" gateswap="0" gate="1" group="1" side="" type="Any" name="DAT1" />
    <comppin designator="9" sympin="9" pinswap="0" gateswap="0" gate="1" group="1" side="" type="Any" name="DETECT_LEVER" />
    <comppin designator="10" sympin="10" pinswap="0" gateswap="0" gate="1" group="1" side="" type="Any" name="DETECT_SWITCH" />
    <attached_symbol gate="1" name="503398-1892" />
    <pinmap designator="1" footprintpin="1" />
    <pinmap designator="2" footprintpin="2" />
    <pinmap designator="3" footprintpin="3" />
    <pinmap designator="4" footprintpin="4" />
    <pinmap designator="5" footprintpin="5" />
    <pinmap designator="6" footprintpin="6" />
    <pinmap designator="7" footprintpin="7" />
    <pinmap designator="8" footprintpin="8" />
    <pinmap designator="9" footprintpin="9" />
    <pinmap designator="10" footprintpin="10" />
    <text name="Datasheet" originx="0" originy="0" style="Default" rotation="0" justify="" flipped="False" hidden="True" data="http://www.molex.com/webdocs/datasheets/pdf/en-us//5033981892_MEMORY_CARD_SOCKET.pdf" />
    <text name="Description" originx="0" originy="0" style="Default" rotation="0" justify="" flipped="False" hidden="True" data="MicroSD SMT Push-Push 1.28mm height MicroSD SMT Push-Push 1.28mm height" />
    <text name="Manufacturer_Name" originx="0" originy="0" style="Default" rotation="0" justify="" flipped="False" hidden="True" data="Molex" />
    <text name="Manufacturer_Part_Number" originx="1550" originy="200" style="Default" rotation="0" justify="left" flipped="False" hidden="False" data="503398-1892" />
    <text name="Mouser Part Number" originx="0" originy="0" style="Default" rotation="0" justify="" flipped="False" hidden="True" data="538-503398-1892" />
    <text name="Mouser Price/Stock" originx="0" originy="0" style="Default" rotation="0" justify="" flipped="False" hidden="True" data="https://www.mouser.co.uk/ProductDetail/Molex/503398-1892?qs=b0v8CoHHvSMxV%252BW12iKaSg%3D%3D" />
    <text name="Arrow Part Number" originx="0" originy="0" style="Default" rotation="0" justify="" flipped="False" hidden="True" data="" />
    <text name="Arrow Price/Stock" originx="0" originy="0" style="Default" rotation="0" justify="" flipped="False" hidden="True" data="" />
  </component>
</quadcept_library>
