<?xml version="1.0" encoding="utf-8"?>
<!--/464342/1173075/2.50/11/4/Connector/-->
<quadcept_library>
  <setting unit="mil" />
  <textstyle name="Default" height="47.244094488189" strokewidth="7.8740157480315" charwidth="47.244094488189" />
  <textstyle name="Dimension" height="19.6850393700787" strokewidth="0" charwidth="19.6850393700787" />
  <textstyle name="H127W0635TH00762" height="50" strokewidth="3" charwidth="25" />
  <textstyle name="H15W15TH02" height="59.0551181102362" strokewidth="7.8740157480315" charwidth="59.0551181102362" />
  <padstyle name="r180_70" surface="True" plated="False" isvia="False" nopaste="False" nomask="True" complex="False" holesize="0">
    <padshape layer="TOP" shape="rectangle" width="27.55905511811" height="70.866141732283" />
    <padshape layer="TOP_SOLDER_MASK" shape="rectangle" width="35.433070866141" height="78.740157480314" />
    <padshape layer="TOP_SOLDER_PASTE" shape="rectangle" width="27.55905511811" height="70.866141732283" />
  </padstyle>
  <padstyle name="c380_h269.26" surface="False" plated="True" isvia="False" nopaste="True" nomask="True" complex="False" holesize="106.00787401575">
    <padshape layer="TOP" shape="round" width="149.6062992126" height="149.6062992126" />
    <padshape layer="TOP_SOLDER_MASK" shape="round" width="157.48031496063" height="157.48031496063" />
    <padshape layer="INNER" shape="round" width="149.6062992126" height="149.6062992126" />
    <padshape layer="BOTTOM" shape="round" width="149.6062992126" height="149.6062992126" />
    <padshape layer="BOTTOM_SOLDER_MASK" shape="round" width="157.48031496063" height="157.48031496063" />
  </padstyle>
  <padstyle name="c55_h110" surface="False" plated="True" isvia="False" nopaste="True" nomask="True" complex="False" holesize="43.307086614173">
    <padshape layer="TOP" shape="round" width="21.653543307086" height="21.653543307086" />
    <padshape layer="TOP_SOLDER_MASK" shape="round" width="29.527559055118" height="29.527559055118" />
    <padshape layer="INNER" shape="round" width="21.653543307086" height="21.653543307086" />
    <padshape layer="BOTTOM" shape="round" width="21.653543307086" height="21.653543307086" />
    <padshape layer="BOTTOM_SOLDER_MASK" shape="round" width="29.527559055118" height="29.527559055118" />
  </padstyle>
  <footprint name="692112030100" originx="0" originy="0" pickpointx="0" pickpointy="0">
    <pcbpin number="1" name="1" style="r180_70" originx="157.48031496063" originy="89.566929133857" rotation="0" />
    <pcbpin number="2" name="2" style="r180_70" originx="118.11023622047" originy="89.566929133857" rotation="0" />
    <pcbpin number="3" name="3" style="r180_70" originx="78.740157480314" originy="89.566929133857" rotation="0" />
    <pcbpin number="4" name="4" style="r180_70" originx="39.370078740157" originy="89.566929133857" rotation="0" />
    <pcbpin number="5" name="5" style="r180_70" originx="0" originy="89.566929133857" rotation="0" />
    <pcbpin number="6" name="6" style="r180_70" originx="-39.370078740157" originy="89.566929133857" rotation="0" />
    <pcbpin number="7" name="7" style="r180_70" originx="-78.740157480314" originy="89.566929133857" rotation="0" />
    <pcbpin number="8" name="8" style="r180_70" originx="-118.11023622047" originy="89.566929133857" rotation="0" />
    <pcbpin number="9" name="9" style="r180_70" originx="-157.48031496063" originy="89.566929133857" rotation="0" />
    <pcbpin number="10" name="10" style="c380_h269.26" originx="-230.31496062992" originy="-6.8897637795275" rotation="90" />
    <pcbpin number="11" name="11" style="c380_h269.26" originx="230.31496062992" originy="-6.8897637795275" rotation="90" />
    <pcbpin number="12" name="12" style="c55_h110" originx="-88.582677165353" originy="-6.8897637795275" rotation="90" />
    <pcbpin number="13" name="13" style="c55_h110" originx="88.582677165353" originy="-6.8897637795275" rotation="90" />
    <line layer="TOP_ASSEMBLY" originx="-236.22047244094" originy="28.937007874015" endx="236.22047244094" endy="28.937007874015" width="7.8740157480314" />
    <line layer="TOP_ASSEMBLY" originx="236.22047244094" originy="28.937007874015" endx="236.22047244094" endy="-125" width="7.8740157480314" />
    <line layer="TOP_ASSEMBLY" originx="236.22047244094" originy="-125" endx="-236.22047244094" endy="-125" width="7.8740157480314" />
    <line layer="TOP_ASSEMBLY" originx="-236.22047244094" originy="-125" endx="-236.22047244094" endy="28.937007874015" width="7.8740157480314" />
    <line layer="TOP_PLACE_BOUND" originx="-344.48818897637" originy="164.37007874016" endx="344.48818897637" endy="164.37007874016" width="3.9370078740157" />
    <line layer="TOP_PLACE_BOUND" originx="344.48818897637" originy="164.37007874016" endx="344.48818897637" endy="-164.37007874016" width="3.9370078740157" />
    <line layer="TOP_PLACE_BOUND" originx="344.48818897637" originy="-164.37007874016" endx="-344.48818897637" endy="-164.37007874016" width="3.9370078740157" />
    <line layer="TOP_PLACE_BOUND" originx="-344.48818897637" originy="-164.37007874016" endx="-344.48818897637" endy="164.37007874016" width="3.9370078740157" />
    <line layer="TOP_SILKSCREEN" originx="-236.22047244094" originy="-106.88976377953" endx="-236.22047244094" endy="-125" width="3.9370078740157" />
    <line layer="TOP_SILKSCREEN" originx="-236.22047244094" originy="-125" endx="236.22047244094" endy="-125" width="3.9370078740157" />
    <line layer="TOP_SILKSCREEN" originx="236.22047244094" originy="-125" endx="236.22047244094" endy="-106.88976377953" width="3.9370078740157" />
    <line layer="TOP_SILKSCREEN" originx="-118.11023622047" originy="28.937007874015" endx="118.11023622047" endy="28.937007874015" width="3.9370078740157" />
  </footprint>
  <symbol name="692112030100" originx="0" originy="0">
    <line originx="200" originy="100" endx="700" endy="100" width="0" />
    <line originx="700" originy="-900" endx="700" endy="100" width="0" />
    <line originx="700" originy="-900" endx="200" endy="-900" width="0" />
    <line originx="200" originy="100" endx="200" endy="-900" width="0" />
    <sympin number="1" originx="700" originy="-800" rotation="0" length="100" width="7.8740157480315" flipped="False">
      <text name="pinname" originx="670" originy="-800" style="Default" rotation="0" justify="right" flipped="False" hidden="False" data="1" />
      <text name="pindes" originx="760" originy="-780" style="Default" rotation="0" justify="lowerleft" flipped="False" hidden="False" data="1" />
    </sympin>
    <sympin number="2" originx="700" originy="-700" rotation="0" length="100" width="7.8740157480315" flipped="False">
      <text name="pinname" originx="670" originy="-700" style="Default" rotation="0" justify="right" flipped="False" hidden="False" data="2" />
      <text name="pindes" originx="760" originy="-680" style="Default" rotation="0" justify="lowerleft" flipped="False" hidden="False" data="2" />
    </sympin>
    <sympin number="3" originx="700" originy="-600" rotation="0" length="100" width="7.8740157480315" flipped="False">
      <text name="pinname" originx="670" originy="-600" style="Default" rotation="0" justify="right" flipped="False" hidden="False" data="3" />
      <text name="pindes" originx="760" originy="-580" style="Default" rotation="0" justify="lowerleft" flipped="False" hidden="False" data="3" />
    </sympin>
    <sympin number="4" originx="700" originy="-500" rotation="0" length="100" width="7.8740157480315" flipped="False">
      <text name="pinname" originx="670" originy="-500" style="Default" rotation="0" justify="right" flipped="False" hidden="False" data="4" />
      <text name="pindes" originx="760" originy="-480" style="Default" rotation="0" justify="lowerleft" flipped="False" hidden="False" data="4" />
    </sympin>
    <sympin number="5" originx="700" originy="-400" rotation="0" length="100" width="7.8740157480315" flipped="False">
      <text name="pinname" originx="670" originy="-400" style="Default" rotation="0" justify="right" flipped="False" hidden="False" data="5" />
      <text name="pindes" originx="760" originy="-380" style="Default" rotation="0" justify="lowerleft" flipped="False" hidden="False" data="5" />
    </sympin>
    <sympin number="6" originx="700" originy="-300" rotation="0" length="100" width="7.8740157480315" flipped="False">
      <text name="pinname" originx="670" originy="-300" style="Default" rotation="0" justify="right" flipped="False" hidden="False" data="6" />
      <text name="pindes" originx="760" originy="-280" style="Default" rotation="0" justify="lowerleft" flipped="False" hidden="False" data="6" />
    </sympin>
    <sympin number="7" originx="700" originy="-200" rotation="0" length="100" width="7.8740157480315" flipped="False">
      <text name="pinname" originx="670" originy="-200" style="Default" rotation="0" justify="right" flipped="False" hidden="False" data="7" />
      <text name="pindes" originx="760" originy="-180" style="Default" rotation="0" justify="lowerleft" flipped="False" hidden="False" data="7" />
    </sympin>
    <sympin number="8" originx="700" originy="-100" rotation="0" length="100" width="7.8740157480315" flipped="False">
      <text name="pinname" originx="670" originy="-100" style="Default" rotation="0" justify="right" flipped="False" hidden="False" data="8" />
      <text name="pindes" originx="760" originy="-80" style="Default" rotation="0" justify="lowerleft" flipped="False" hidden="False" data="8" />
    </sympin>
    <sympin number="9" originx="700" originy="0" rotation="0" length="100" width="7.8740157480315" flipped="False">
      <text name="pinname" originx="670" originy="0" style="Default" rotation="0" justify="right" flipped="False" hidden="False" data="9" />
      <text name="pindes" originx="760" originy="20" style="Default" rotation="0" justify="lowerleft" flipped="False" hidden="False" data="9" />
    </sympin>
    <sympin number="10" originx="200" originy="0" rotation="180" length="100" width="7.8740157480315" flipped="False">
      <text name="pinname" originx="230" originy="0" style="Default" rotation="0" justify="left" flipped="False" hidden="False" data="10" />
      <text name="pindes" originx="140" originy="20" style="Default" rotation="0" justify="lowerright" flipped="False" hidden="False" data="10" />
    </sympin>
    <sympin number="11" originx="200" originy="-100" rotation="180" length="100" width="7.8740157480315" flipped="False">
      <text name="pinname" originx="230" originy="-100" style="Default" rotation="0" justify="left" flipped="False" hidden="False" data="11" />
      <text name="pindes" originx="140" originy="-80" style="Default" rotation="0" justify="lowerright" flipped="False" hidden="False" data="11" />
    </sympin>
  </symbol>
  <component name="692112030100" designatorprefix="J" height="39.370078740157" footprint="692112030100">
    <comppin designator="1" sympin="1" pinswap="0" gateswap="0" gate="1" group="1" side="" type="Any" name="1" />
    <comppin designator="2" sympin="2" pinswap="0" gateswap="0" gate="1" group="1" side="" type="Any" name="2" />
    <comppin designator="3" sympin="3" pinswap="0" gateswap="0" gate="1" group="1" side="" type="Any" name="3" />
    <comppin designator="4" sympin="4" pinswap="0" gateswap="0" gate="1" group="1" side="" type="Any" name="4" />
    <comppin designator="5" sympin="5" pinswap="0" gateswap="0" gate="1" group="1" side="" type="Any" name="5" />
    <comppin designator="6" sympin="6" pinswap="0" gateswap="0" gate="1" group="1" side="" type="Any" name="6" />
    <comppin designator="7" sympin="7" pinswap="0" gateswap="0" gate="1" group="1" side="" type="Any" name="7" />
    <comppin designator="8" sympin="8" pinswap="0" gateswap="0" gate="1" group="1" side="" type="Any" name="8" />
    <comppin designator="9" sympin="9" pinswap="0" gateswap="0" gate="1" group="1" side="" type="Any" name="9" />
    <comppin designator="10" sympin="10" pinswap="0" gateswap="0" gate="1" group="1" side="" type="Any" name="10" />
    <comppin designator="11" sympin="11" pinswap="0" gateswap="0" gate="1" group="1" side="" type="Any" name="11" />
    <attached_symbol gate="1" name="692112030100" />
    <pinmap designator="1" footprintpin="1" />
    <pinmap designator="2" footprintpin="2" />
    <pinmap designator="3" footprintpin="3" />
    <pinmap designator="4" footprintpin="4" />
    <pinmap designator="5" footprintpin="5" />
    <pinmap designator="6" footprintpin="6" />
    <pinmap designator="7" footprintpin="7" />
    <pinmap designator="8" footprintpin="8" />
    <pinmap designator="9" footprintpin="9" />
    <pinmap designator="10" footprintpin="10" />
    <pinmap designator="11" footprintpin="11" />
    <text name="Datasheet" originx="0" originy="0" style="Default" rotation="0" justify="" flipped="False" hidden="True" data="http://katalog.we-online.de/em/datasheet/692112030100.pdf" />
    <text name="Description" originx="0" originy="0" style="Default" rotation="0" justify="" flipped="False" hidden="True" data="Wurth Elektronik Male Right Angle Through Hole Version 3 Type A USB Connector, 30 V ac, 0.25A WR-COM" />
    <text name="Manufacturer_Name" originx="0" originy="0" style="Default" rotation="0" justify="" flipped="False" hidden="True" data="Wurth Elektronik" />
    <text name="Manufacturer_Part_Number" originx="750" originy="200" style="Default" rotation="0" justify="left" flipped="False" hidden="False" data="692112030100" />
    <text name="Mouser Part Number" originx="0" originy="0" style="Default" rotation="0" justify="" flipped="False" hidden="True" data="710-692112030100" />
    <text name="Mouser Price/Stock" originx="0" originy="0" style="Default" rotation="0" justify="" flipped="False" hidden="True" data="https://www.mouser.co.uk/ProductDetail/Wurth-Elektronik/692112030100?qs=e5m3IbTHPW8iHQO2HaiyOA%3D%3D" />
    <text name="Arrow Part Number" originx="0" originy="0" style="Default" rotation="0" justify="" flipped="False" hidden="True" data="" />
    <text name="Arrow Price/Stock" originx="0" originy="0" style="Default" rotation="0" justify="" flipped="False" hidden="True" data="" />
  </component>
</quadcept_library>
