<?xml version="1.0" encoding="utf-8"?>
<!--/252491/1173075/2.50/65/4/Integrated Circuit/-->
<quadcept_library>
  <setting unit="mil" />
  <textstyle name="Default" height="47.244094488189" strokewidth="7.8740157480315" charwidth="47.244094488189" />
  <textstyle name="Dimension" height="19.6850393700787" strokewidth="0" charwidth="19.6850393700787" />
  <textstyle name="H127W0635TH00762" height="50" strokewidth="3" charwidth="25" />
  <textstyle name="H15W15TH02" height="59.0551181102362" strokewidth="7.8740157480315" charwidth="59.0551181102362" />
  <padstyle name="r85_30" surface="True" plated="False" isvia="False" nopaste="False" nomask="True" complex="False" holesize="0">
    <padshape layer="TOP" shape="rectangle" width="11.811023622047" height="33.464566929133" />
    <padshape layer="TOP_SOLDER_PASTE" shape="rectangle" width="11.811023622047" height="33.464566929133" />
    <padshape layer="TOP_SOLDER_MASK" shape="rectangle" width="19.685039370078" height="41.338582677165" />
  </padstyle>
  <padstyle name="r480_480" surface="True" plated="False" isvia="False" nopaste="False" nomask="True" complex="False" holesize="0">
    <padshape layer="TOP" shape="rectangle" width="188.97637795275" height="188.97637795275" />
    <padshape layer="TOP_SOLDER_MASK" shape="rectangle" width="196.85039370078" height="196.85039370078" />
    <padshape layer="TOP_SOLDER_PASTE" shape="rectangle" width="188.97637795275" height="188.97637795275" />
  </padstyle>
  <footprint name="QFN50P900X900X100-65N" originx="0" originy="0" pickpointx="0" pickpointy="0">
    <pcbpin number="1" name="1" style="r85_30" originx="-175.1968503937" originy="147.63779527559" rotation="90" />
    <pcbpin number="2" name="2" style="r85_30" originx="-175.1968503937" originy="127.95275590551" rotation="90" />
    <pcbpin number="3" name="3" style="r85_30" originx="-175.1968503937" originy="108.26771653543" rotation="90" />
    <pcbpin number="4" name="4" style="r85_30" originx="-175.1968503937" originy="88.582677165353" rotation="90" />
    <pcbpin number="5" name="5" style="r85_30" originx="-175.1968503937" originy="68.897637795275" rotation="90" />
    <pcbpin number="6" name="6" style="r85_30" originx="-175.1968503937" originy="49.212598425196" rotation="90" />
    <pcbpin number="7" name="7" style="r85_30" originx="-175.1968503937" originy="29.527559055118" rotation="90" />
    <pcbpin number="8" name="8" style="r85_30" originx="-175.1968503937" originy="9.8425196850392" rotation="90" />
    <pcbpin number="9" name="9" style="r85_30" originx="-175.1968503937" originy="-9.8425196850392" rotation="90" />
    <pcbpin number="10" name="10" style="r85_30" originx="-175.1968503937" originy="-29.527559055118" rotation="90" />
    <pcbpin number="11" name="11" style="r85_30" originx="-175.1968503937" originy="-49.212598425196" rotation="90" />
    <pcbpin number="12" name="12" style="r85_30" originx="-175.1968503937" originy="-68.897637795275" rotation="90" />
    <pcbpin number="13" name="13" style="r85_30" originx="-175.1968503937" originy="-88.582677165353" rotation="90" />
    <pcbpin number="14" name="14" style="r85_30" originx="-175.1968503937" originy="-108.26771653543" rotation="90" />
    <pcbpin number="15" name="15" style="r85_30" originx="-175.1968503937" originy="-127.95275590551" rotation="90" />
    <pcbpin number="16" name="16" style="r85_30" originx="-175.1968503937" originy="-147.63779527559" rotation="90" />
    <pcbpin number="17" name="17" style="r85_30" originx="-147.63779527559" originy="-175.1968503937" rotation="0" />
    <pcbpin number="18" name="18" style="r85_30" originx="-127.95275590551" originy="-175.1968503937" rotation="0" />
    <pcbpin number="19" name="19" style="r85_30" originx="-108.26771653543" originy="-175.1968503937" rotation="0" />
    <pcbpin number="20" name="20" style="r85_30" originx="-88.582677165353" originy="-175.1968503937" rotation="0" />
    <pcbpin number="21" name="21" style="r85_30" originx="-68.897637795275" originy="-175.1968503937" rotation="0" />
    <pcbpin number="22" name="22" style="r85_30" originx="-49.212598425196" originy="-175.1968503937" rotation="0" />
    <pcbpin number="23" name="23" style="r85_30" originx="-29.527559055118" originy="-175.1968503937" rotation="0" />
    <pcbpin number="24" name="24" style="r85_30" originx="-9.8425196850392" originy="-175.1968503937" rotation="0" />
    <pcbpin number="25" name="25" style="r85_30" originx="9.8425196850392" originy="-175.1968503937" rotation="0" />
    <pcbpin number="26" name="26" style="r85_30" originx="29.527559055118" originy="-175.1968503937" rotation="0" />
    <pcbpin number="27" name="27" style="r85_30" originx="49.212598425196" originy="-175.1968503937" rotation="0" />
    <pcbpin number="28" name="28" style="r85_30" originx="68.897637795275" originy="-175.1968503937" rotation="0" />
    <pcbpin number="29" name="29" style="r85_30" originx="88.582677165353" originy="-175.1968503937" rotation="0" />
    <pcbpin number="30" name="30" style="r85_30" originx="108.26771653543" originy="-175.1968503937" rotation="0" />
    <pcbpin number="31" name="31" style="r85_30" originx="127.95275590551" originy="-175.1968503937" rotation="0" />
    <pcbpin number="32" name="32" style="r85_30" originx="147.63779527559" originy="-175.1968503937" rotation="0" />
    <pcbpin number="33" name="33" style="r85_30" originx="175.1968503937" originy="-147.63779527559" rotation="90" />
    <pcbpin number="34" name="34" style="r85_30" originx="175.1968503937" originy="-127.95275590551" rotation="90" />
    <pcbpin number="35" name="35" style="r85_30" originx="175.1968503937" originy="-108.26771653543" rotation="90" />
    <pcbpin number="36" name="36" style="r85_30" originx="175.1968503937" originy="-88.582677165353" rotation="90" />
    <pcbpin number="37" name="37" style="r85_30" originx="175.1968503937" originy="-68.897637795275" rotation="90" />
    <pcbpin number="38" name="38" style="r85_30" originx="175.1968503937" originy="-49.212598425196" rotation="90" />
    <pcbpin number="39" name="39" style="r85_30" originx="175.1968503937" originy="-29.527559055118" rotation="90" />
    <pcbpin number="40" name="40" style="r85_30" originx="175.1968503937" originy="-9.8425196850392" rotation="90" />
    <pcbpin number="41" name="41" style="r85_30" originx="175.1968503937" originy="9.8425196850392" rotation="90" />
    <pcbpin number="42" name="42" style="r85_30" originx="175.1968503937" originy="29.527559055118" rotation="90" />
    <pcbpin number="43" name="43" style="r85_30" originx="175.1968503937" originy="49.212598425196" rotation="90" />
    <pcbpin number="44" name="44" style="r85_30" originx="175.1968503937" originy="68.897637795275" rotation="90" />
    <pcbpin number="45" name="45" style="r85_30" originx="175.1968503937" originy="88.582677165353" rotation="90" />
    <pcbpin number="46" name="46" style="r85_30" originx="175.1968503937" originy="108.26771653543" rotation="90" />
    <pcbpin number="47" name="47" style="r85_30" originx="175.1968503937" originy="127.95275590551" rotation="90" />
    <pcbpin number="48" name="48" style="r85_30" originx="175.1968503937" originy="147.63779527559" rotation="90" />
    <pcbpin number="49" name="49" style="r85_30" originx="147.63779527559" originy="175.1968503937" rotation="0" />
    <pcbpin number="50" name="50" style="r85_30" originx="127.95275590551" originy="175.1968503937" rotation="0" />
    <pcbpin number="51" name="51" style="r85_30" originx="108.26771653543" originy="175.1968503937" rotation="0" />
    <pcbpin number="52" name="52" style="r85_30" originx="88.582677165353" originy="175.1968503937" rotation="0" />
    <pcbpin number="53" name="53" style="r85_30" originx="68.897637795275" originy="175.1968503937" rotation="0" />
    <pcbpin number="54" name="54" style="r85_30" originx="49.212598425196" originy="175.1968503937" rotation="0" />
    <pcbpin number="55" name="55" style="r85_30" originx="29.527559055118" originy="175.1968503937" rotation="0" />
    <pcbpin number="56" name="56" style="r85_30" originx="9.8425196850392" originy="175.1968503937" rotation="0" />
    <pcbpin number="57" name="57" style="r85_30" originx="-9.8425196850392" originy="175.1968503937" rotation="0" />
    <pcbpin number="58" name="58" style="r85_30" originx="-29.527559055118" originy="175.1968503937" rotation="0" />
    <pcbpin number="59" name="59" style="r85_30" originx="-49.212598425196" originy="175.1968503937" rotation="0" />
    <pcbpin number="60" name="60" style="r85_30" originx="-68.897637795275" originy="175.1968503937" rotation="0" />
    <pcbpin number="61" name="61" style="r85_30" originx="-88.582677165353" originy="175.1968503937" rotation="0" />
    <pcbpin number="62" name="62" style="r85_30" originx="-108.26771653543" originy="175.1968503937" rotation="0" />
    <pcbpin number="63" name="63" style="r85_30" originx="-127.95275590551" originy="175.1968503937" rotation="0" />
    <pcbpin number="64" name="64" style="r85_30" originx="-147.63779527559" originy="175.1968503937" rotation="0" />
    <pcbpin number="65" name="65" style="r480_480" originx="0" originy="0" rotation="0" />
    <line layer="TOP_PLACE_BOUND" originx="-201.7716535433" originy="201.7716535433" endx="201.7716535433" endy="201.7716535433" width="1.9685039370079" />
    <line layer="TOP_PLACE_BOUND" originx="201.7716535433" originy="201.7716535433" endx="201.7716535433" endy="-201.7716535433" width="1.9685039370079" />
    <line layer="TOP_PLACE_BOUND" originx="201.7716535433" originy="-201.7716535433" endx="-201.7716535433" endy="-201.7716535433" width="1.9685039370079" />
    <line layer="TOP_PLACE_BOUND" originx="-201.7716535433" originy="-201.7716535433" endx="-201.7716535433" endy="201.7716535433" width="1.9685039370079" />
    <line layer="TOP_ASSEMBLY" originx="-177.16535433071" originy="177.16535433071" endx="177.16535433071" endy="177.16535433071" width="3.9370078740157" />
    <line layer="TOP_ASSEMBLY" originx="177.16535433071" originy="177.16535433071" endx="177.16535433071" endy="-177.16535433071" width="3.9370078740157" />
    <line layer="TOP_ASSEMBLY" originx="177.16535433071" originy="-177.16535433071" endx="-177.16535433071" endy="-177.16535433071" width="3.9370078740157" />
    <line layer="TOP_ASSEMBLY" originx="-177.16535433071" originy="-177.16535433071" endx="-177.16535433071" endy="177.16535433071" width="3.9370078740157" />
    <line layer="TOP_ASSEMBLY" originx="-177.16535433071" originy="157.48031496063" endx="-157.48031496063" endy="177.16535433071" width="3.9370078740157" />
    <arc layer="TOP_SILKSCREEN" originx="-191.92913385827" originy="177.16535433071" startangle="180" sweepangle="180" radius="4.9212598425196" width="9.8425196850392" />
    <arc layer="TOP_SILKSCREEN" originx="-191.92913385827" originy="177.16535433071" startangle="180" sweepangle="-180" radius="4.9212598425196" width="9.8425196850392" />
  </footprint>
  <symbol name="USB2660I-JZX-03" originx="0" originy="0">
    <line originx="200" originy="1600" endx="2200" endy="1600" width="0" />
    <line originx="2200" originy="-3000" endx="2200" endy="1600" width="0" />
    <line originx="2200" originy="-3000" endx="200" endy="-3000" width="0" />
    <line originx="200" originy="1600" endx="200" endy="-3000" width="0" />
    <sympin number="1" originx="200" originy="0" rotation="180" length="100" width="7.8740157480315" flipped="False">
      <text name="pinname" originx="230" originy="0" style="Default" rotation="0" justify="left" flipped="False" hidden="False" data="USBDN_DM2" />
      <text name="pindes" originx="140" originy="20" style="Default" rotation="0" justify="lowerright" flipped="False" hidden="False" data="1" />
    </sympin>
    <sympin number="2" originx="200" originy="-100" rotation="180" length="100" width="7.8740157480315" flipped="False">
      <text name="pinname" originx="230" originy="-100" style="Default" rotation="0" justify="left" flipped="False" hidden="False" data="USBDN_DP2" />
      <text name="pindes" originx="140" originy="-80" style="Default" rotation="0" justify="lowerright" flipped="False" hidden="False" data="2" />
    </sympin>
    <sympin number="3" originx="200" originy="-200" rotation="180" length="100" width="7.8740157480315" flipped="False">
      <text name="pinname" originx="230" originy="-200" style="Default" rotation="0" justify="left" flipped="False" hidden="False" data="USBDN_DM3" />
      <text name="pindes" originx="140" originy="-180" style="Default" rotation="0" justify="lowerright" flipped="False" hidden="False" data="3" />
    </sympin>
    <sympin number="4" originx="200" originy="-300" rotation="180" length="100" width="7.8740157480315" flipped="False">
      <text name="pinname" originx="230" originy="-300" style="Default" rotation="0" justify="left" flipped="False" hidden="False" data="USBDN_DP3" />
      <text name="pindes" originx="140" originy="-280" style="Default" rotation="0" justify="lowerright" flipped="False" hidden="False" data="4" />
    </sympin>
    <sympin number="5" originx="200" originy="-400" rotation="180" length="100" width="7.8740157480315" flipped="False">
      <text name="pinname" originx="230" originy="-400" style="Default" rotation="0" justify="left" flipped="False" hidden="False" data="VDD33_1" />
      <text name="pindes" originx="140" originy="-380" style="Default" rotation="0" justify="lowerright" flipped="False" hidden="False" data="5" />
    </sympin>
    <sympin number="6" originx="200" originy="-500" rotation="180" length="100" width="7.8740157480315" flipped="False">
      <text name="pinname" originx="230" originy="-500" style="Default" rotation="0" justify="left" flipped="False" hidden="False" data="PRTCTL2" />
      <text name="pindes" originx="140" originy="-480" style="Default" rotation="0" justify="lowerright" flipped="False" hidden="False" data="6" />
    </sympin>
    <sympin number="7" originx="200" originy="-600" rotation="180" length="100" width="7.8740157480315" flipped="False">
      <text name="pinname" originx="230" originy="-600" style="Default" rotation="0" justify="left" flipped="False" hidden="False" data="PRTCTL3" />
      <text name="pindes" originx="140" originy="-580" style="Default" rotation="0" justify="lowerright" flipped="False" hidden="False" data="7" />
    </sympin>
    <sympin number="8" originx="200" originy="-700" rotation="180" length="100" width="7.8740157480315" flipped="False">
      <text name="pinname" originx="230" originy="-700" style="Default" rotation="0" justify="left" flipped="False" hidden="False" data="SD2_NCD/GPIO16" />
      <text name="pindes" originx="140" originy="-680" style="Default" rotation="0" justify="lowerright" flipped="False" hidden="False" data="8" />
    </sympin>
    <sympin number="9" originx="200" originy="-800" rotation="180" length="100" width="7.8740157480315" flipped="False">
      <text name="pinname" originx="230" originy="-800" style="Default" rotation="0" justify="left" flipped="False" hidden="False" data="SD2_D1/GPIO19" />
      <text name="pindes" originx="140" originy="-780" style="Default" rotation="0" justify="lowerright" flipped="False" hidden="False" data="9" />
    </sympin>
    <sympin number="10" originx="200" originy="-900" rotation="180" length="100" width="7.8740157480315" flipped="False">
      <text name="pinname" originx="230" originy="-900" style="Default" rotation="0" justify="left" flipped="False" hidden="False" data="SD2_D0/GPIO18" />
      <text name="pindes" originx="140" originy="-880" style="Default" rotation="0" justify="lowerright" flipped="False" hidden="False" data="10" />
    </sympin>
    <sympin number="11" originx="200" originy="-1000" rotation="180" length="100" width="7.8740157480315" flipped="False">
      <text name="pinname" originx="230" originy="-1000" style="Default" rotation="0" justify="left" flipped="False" hidden="False" data="SD2_D7/GPIO25" />
      <text name="pindes" originx="140" originy="-980" style="Default" rotation="0" justify="lowerright" flipped="False" hidden="False" data="11" />
    </sympin>
    <sympin number="12" originx="200" originy="-1100" rotation="180" length="100" width="7.8740157480315" flipped="False">
      <text name="pinname" originx="230" originy="-1100" style="Default" rotation="0" justify="left" flipped="False" hidden="False" data="SD2_D6/GPIO24" />
      <text name="pindes" originx="140" originy="-1080" style="Default" rotation="0" justify="lowerright" flipped="False" hidden="False" data="12" />
    </sympin>
    <sympin number="13" originx="200" originy="-1200" rotation="180" length="100" width="7.8740157480315" flipped="False">
      <text name="pinname" originx="230" originy="-1200" style="Default" rotation="0" justify="left" flipped="False" hidden="False" data="SD2_CLK/GPIO26" />
      <text name="pindes" originx="140" originy="-1180" style="Default" rotation="0" justify="lowerright" flipped="False" hidden="False" data="13" />
    </sympin>
    <sympin number="14" originx="200" originy="-1300" rotation="180" length="100" width="7.8740157480315" flipped="False">
      <text name="pinname" originx="230" originy="-1300" style="Default" rotation="0" justify="left" flipped="False" hidden="False" data="VDD33_2" />
      <text name="pindes" originx="140" originy="-1280" style="Default" rotation="0" justify="lowerright" flipped="False" hidden="False" data="14" />
    </sympin>
    <sympin number="15" originx="200" originy="-1400" rotation="180" length="100" width="7.8740157480315" flipped="False">
      <text name="pinname" originx="230" originy="-1400" style="Default" rotation="0" justify="left" flipped="False" hidden="False" data="GPIO8_(CRD_PWR2)" />
      <text name="pindes" originx="140" originy="-1380" style="Default" rotation="0" justify="lowerright" flipped="False" hidden="False" data="15" />
    </sympin>
    <sympin number="16" originx="200" originy="-1500" rotation="180" length="100" width="7.8740157480315" flipped="False">
      <text name="pinname" originx="230" originy="-1500" style="Default" rotation="0" justify="left" flipped="False" hidden="False" data="SD2_D5/GPIO23" />
      <text name="pindes" originx="140" originy="-1480" style="Default" rotation="0" justify="lowerright" flipped="False" hidden="False" data="16" />
    </sympin>
    <sympin number="17" originx="400" originy="-3000" rotation="270" length="100" width="7.8740157480315" flipped="False">
      <text name="pinname" originx="400" originy="-2970" style="Default" rotation="0" justify="left" flipped="False" hidden="False" data="SD2_CMD/GPIO27" />
      <text name="pindes" originx="380" originy="-3060" style="Default" rotation="0" justify="lowerright" flipped="False" hidden="False" data="17" />
    </sympin>
    <sympin number="18" originx="500" originy="-3000" rotation="270" length="100" width="7.8740157480315" flipped="False">
      <text name="pinname" originx="500" originy="-2970" style="Default" rotation="0" justify="left" flipped="False" hidden="False" data="SD2_D4/GPIO22" />
      <text name="pindes" originx="480" originy="-3060" style="Default" rotation="0" justify="lowerright" flipped="False" hidden="False" data="18" />
    </sympin>
    <sympin number="19" originx="600" originy="-3000" rotation="270" length="100" width="7.8740157480315" flipped="False">
      <text name="pinname" originx="600" originy="-2970" style="Default" rotation="0" justify="left" flipped="False" hidden="False" data="SD2_D3/GPIO21" />
      <text name="pindes" originx="580" originy="-3060" style="Default" rotation="0" justify="lowerright" flipped="False" hidden="False" data="19" />
    </sympin>
    <sympin number="20" originx="700" originy="-3000" rotation="270" length="100" width="7.8740157480315" flipped="False">
      <text name="pinname" originx="700" originy="-2970" style="Default" rotation="0" justify="left" flipped="False" hidden="False" data="SD2_D2/GPIO20" />
      <text name="pindes" originx="680" originy="-3060" style="Default" rotation="0" justify="lowerright" flipped="False" hidden="False" data="20" />
    </sympin>
    <sympin number="21" originx="800" originy="-3000" rotation="270" length="100" width="7.8740157480315" flipped="False">
      <text name="pinname" originx="800" originy="-2970" style="Default" rotation="0" justify="left" flipped="False" hidden="False" data="GPIO6/SD1_WP/MS_SCLK/XD_D4" />
      <text name="pindes" originx="780" originy="-3060" style="Default" rotation="0" justify="lowerright" flipped="False" hidden="False" data="21" />
    </sympin>
    <sympin number="22" originx="900" originy="-3000" rotation="270" length="100" width="7.8740157480315" flipped="False">
      <text name="pinname" originx="900" originy="-2970" style="Default" rotation="0" justify="left" flipped="False" hidden="False" data="GPIO15/SD1_NCD" />
      <text name="pindes" originx="880" originy="-3060" style="Default" rotation="0" justify="lowerright" flipped="False" hidden="False" data="22" />
    </sympin>
    <sympin number="23" originx="1000" originy="-3000" rotation="270" length="100" width="7.8740157480315" flipped="False">
      <text name="pinname" originx="1000" originy="-2970" style="Default" rotation="0" justify="left" flipped="False" hidden="False" data="CRFILT" />
      <text name="pindes" originx="980" originy="-3060" style="Default" rotation="0" justify="lowerright" flipped="False" hidden="False" data="23" />
    </sympin>
    <sympin number="24" originx="1100" originy="-3000" rotation="270" length="100" width="7.8740157480315" flipped="False">
      <text name="pinname" originx="1100" originy="-2970" style="Default" rotation="0" justify="left" flipped="False" hidden="False" data="VDD33_3" />
      <text name="pindes" originx="1080" originy="-3060" style="Default" rotation="0" justify="lowerright" flipped="False" hidden="False" data="24" />
    </sympin>
    <sympin number="25" originx="1200" originy="-3000" rotation="270" length="100" width="7.8740157480315" flipped="False">
      <text name="pinname" originx="1200" originy="-2970" style="Default" rotation="0" justify="left" flipped="False" hidden="False" data="SD1_D1/MS_D5/XD_D3" />
      <text name="pindes" originx="1180" originy="-3060" style="Default" rotation="0" justify="lowerright" flipped="False" hidden="False" data="25" />
    </sympin>
    <sympin number="26" originx="1300" originy="-3000" rotation="270" length="100" width="7.8740157480315" flipped="False">
      <text name="pinname" originx="1300" originy="-2970" style="Default" rotation="0" justify="left" flipped="False" hidden="False" data="SD1_D0/MS_D4/XD_D2" />
      <text name="pindes" originx="1280" originy="-3060" style="Default" rotation="0" justify="lowerright" flipped="False" hidden="False" data="26" />
    </sympin>
    <sympin number="27" originx="1400" originy="-3000" rotation="270" length="100" width="7.8740157480315" flipped="False">
      <text name="pinname" originx="1400" originy="-2970" style="Default" rotation="0" justify="left" flipped="False" hidden="False" data="SD1_D7/MS_D6/XD_D1" />
      <text name="pindes" originx="1380" originy="-3060" style="Default" rotation="0" justify="lowerright" flipped="False" hidden="False" data="27" />
    </sympin>
    <sympin number="28" originx="1500" originy="-3000" rotation="270" length="100" width="7.8740157480315" flipped="False">
      <text name="pinname" originx="1500" originy="-2970" style="Default" rotation="0" justify="left" flipped="False" hidden="False" data="SD1_D6/MS_D7/XD_D0" />
      <text name="pindes" originx="1480" originy="-3060" style="Default" rotation="0" justify="lowerright" flipped="False" hidden="False" data="28" />
    </sympin>
    <sympin number="29" originx="1600" originy="-3000" rotation="270" length="100" width="7.8740157480315" flipped="False">
      <text name="pinname" originx="1600" originy="-2970" style="Default" rotation="0" justify="left" flipped="False" hidden="False" data="SD1_CLK/MS_BS/XD_NWP" />
      <text name="pindes" originx="1580" originy="-3060" style="Default" rotation="0" justify="lowerright" flipped="False" hidden="False" data="29" />
    </sympin>
    <sympin number="30" originx="1700" originy="-3000" rotation="270" length="100" width="7.8740157480315" flipped="False">
      <text name="pinname" originx="1700" originy="-2970" style="Default" rotation="0" justify="left" flipped="False" hidden="False" data="XD_NWE" />
      <text name="pindes" originx="1680" originy="-3060" style="Default" rotation="0" justify="lowerright" flipped="False" hidden="False" data="30" />
    </sympin>
    <sympin number="31" originx="1800" originy="-3000" rotation="270" length="100" width="7.8740157480315" flipped="False">
      <text name="pinname" originx="1800" originy="-2970" style="Default" rotation="0" justify="left" flipped="False" hidden="False" data="SD1D5/MS_D1/XD_ALE" />
      <text name="pindes" originx="1780" originy="-3060" style="Default" rotation="0" justify="lowerright" flipped="False" hidden="False" data="31" />
    </sympin>
    <sympin number="32" originx="1900" originy="-3000" rotation="270" length="100" width="7.8740157480315" flipped="False">
      <text name="pinname" originx="1900" originy="-2970" style="Default" rotation="0" justify="left" flipped="False" hidden="False" data="SD1_CMD/MS_D0/XD_CLE" />
      <text name="pindes" originx="1880" originy="-3060" style="Default" rotation="0" justify="lowerright" flipped="False" hidden="False" data="32" />
    </sympin>
    <sympin number="48" originx="2200" originy="0" rotation="0" length="100" width="7.8740157480315" flipped="False">
      <text name="pinname" originx="2170" originy="0" style="Default" rotation="0" justify="right" flipped="False" hidden="False" data="NC_2" />
      <text name="pindes" originx="2260" originy="20" style="Default" rotation="0" justify="lowerleft" flipped="False" hidden="False" data="48" />
    </sympin>
    <sympin number="47" originx="2200" originy="-100" rotation="0" length="100" width="7.8740157480315" flipped="False">
      <text name="pinname" originx="2170" originy="-100" style="Default" rotation="0" justify="right" flipped="False" hidden="False" data="VDD33_6" />
      <text name="pindes" originx="2260" originy="-80" style="Default" rotation="0" justify="lowerleft" flipped="False" hidden="False" data="47" />
    </sympin>
    <sympin number="46" originx="2200" originy="-200" rotation="0" length="100" width="7.8740157480315" flipped="False">
      <text name="pinname" originx="2170" originy="-200" style="Default" rotation="0" justify="right" flipped="False" hidden="False" data="NC_1" />
      <text name="pindes" originx="2260" originy="-180" style="Default" rotation="0" justify="lowerleft" flipped="False" hidden="False" data="46" />
    </sympin>
    <sympin number="45" originx="2200" originy="-300" rotation="0" length="100" width="7.8740157480315" flipped="False">
      <text name="pinname" originx="2170" originy="-300" style="Default" rotation="0" justify="right" flipped="False" hidden="False" data="SD2_WP/GPIO17" />
      <text name="pindes" originx="2260" originy="-280" style="Default" rotation="0" justify="lowerleft" flipped="False" hidden="False" data="45" />
    </sympin>
    <sympin number="44" originx="2200" originy="-400" rotation="0" length="100" width="7.8740157480315" flipped="False">
      <text name="pinname" originx="2170" originy="-400" style="Default" rotation="0" justify="right" flipped="False" hidden="False" data="GPIO2/RXD" />
      <text name="pindes" originx="2260" originy="-380" style="Default" rotation="0" justify="lowerleft" flipped="False" hidden="False" data="44" />
    </sympin>
    <sympin number="43" originx="2200" originy="-500" rotation="0" length="100" width="7.8740157480315" flipped="False">
      <text name="pinname" originx="2170" originy="-500" style="Default" rotation="0" justify="right" flipped="False" hidden="False" data="GPIO10_(CRD_PWR1)" />
      <text name="pindes" originx="2260" originy="-480" style="Default" rotation="0" justify="lowerleft" flipped="False" hidden="False" data="43" />
    </sympin>
    <sympin number="42" originx="2200" originy="-600" rotation="0" length="100" width="7.8740157480315" flipped="False">
      <text name="pinname" originx="2170" originy="-600" style="Default" rotation="0" justify="right" flipped="False" hidden="False" data="VDD33_5" />
      <text name="pindes" originx="2260" originy="-580" style="Default" rotation="0" justify="lowerleft" flipped="False" hidden="False" data="42" />
    </sympin>
    <sympin number="41" originx="2200" originy="-700" rotation="0" length="100" width="7.8740157480315" flipped="False">
      <text name="pinname" originx="2170" originy="-700" style="Default" rotation="0" justify="right" flipped="False" hidden="False" data="SD1_D2/XD_D5" />
      <text name="pindes" originx="2260" originy="-680" style="Default" rotation="0" justify="lowerleft" flipped="False" hidden="False" data="41" />
    </sympin>
    <sympin number="40" originx="2200" originy="-800" rotation="0" length="100" width="7.8740157480315" flipped="False">
      <text name="pinname" originx="2170" originy="-800" style="Default" rotation="0" justify="right" flipped="False" hidden="False" data="SD1_D3/MS_D3/XD_D6" />
      <text name="pindes" originx="2260" originy="-780" style="Default" rotation="0" justify="lowerleft" flipped="False" hidden="False" data="40" />
    </sympin>
    <sympin number="39" originx="2200" originy="-900" rotation="0" length="100" width="7.8740157480315" flipped="False">
      <text name="pinname" originx="2170" originy="-900" style="Default" rotation="0" justify="right" flipped="False" hidden="False" data="GPIO12/MS_INS" />
      <text name="pindes" originx="2260" originy="-880" style="Default" rotation="0" justify="lowerleft" flipped="False" hidden="False" data="39" />
    </sympin>
    <sympin number="38" originx="2200" originy="-1000" rotation="0" length="100" width="7.8740157480315" flipped="False">
      <text name="pinname" originx="2170" originy="-1000" style="Default" rotation="0" justify="right" flipped="False" hidden="False" data="SD1_D4/MS_D2/XD_D7" />
      <text name="pindes" originx="2260" originy="-980" style="Default" rotation="0" justify="lowerleft" flipped="False" hidden="False" data="38" />
    </sympin>
    <sympin number="37" originx="2200" originy="-1100" rotation="0" length="100" width="7.8740157480315" flipped="False">
      <text name="pinname" originx="2170" originy="-1100" style="Default" rotation="0" justify="right" flipped="False" hidden="False" data="GPIO14/XD_NCD" />
      <text name="pindes" originx="2260" originy="-1080" style="Default" rotation="0" justify="lowerleft" flipped="False" hidden="False" data="37" />
    </sympin>
    <sympin number="36" originx="2200" originy="-1200" rotation="0" length="100" width="7.8740157480315" flipped="False">
      <text name="pinname" originx="2170" originy="-1200" style="Default" rotation="0" justify="right" flipped="False" hidden="False" data="XD_NB/R" />
      <text name="pindes" originx="2260" originy="-1180" style="Default" rotation="0" justify="lowerleft" flipped="False" hidden="False" data="36" />
    </sympin>
    <sympin number="35" originx="2200" originy="-1300" rotation="0" length="100" width="7.8740157480315" flipped="False">
      <text name="pinname" originx="2170" originy="-1300" style="Default" rotation="0" justify="right" flipped="False" hidden="False" data="XD_NRE" />
      <text name="pindes" originx="2260" originy="-1280" style="Default" rotation="0" justify="lowerleft" flipped="False" hidden="False" data="35" />
    </sympin>
    <sympin number="34" originx="2200" originy="-1400" rotation="0" length="100" width="7.8740157480315" flipped="False">
      <text name="pinname" originx="2170" originy="-1400" style="Default" rotation="0" justify="right" flipped="False" hidden="False" data="XD_NCE" />
      <text name="pindes" originx="2260" originy="-1380" style="Default" rotation="0" justify="lowerleft" flipped="False" hidden="False" data="34" />
    </sympin>
    <sympin number="33" originx="2200" originy="-1500" rotation="0" length="100" width="7.8740157480315" flipped="False">
      <text name="pinname" originx="2170" originy="-1500" style="Default" rotation="0" justify="right" flipped="False" hidden="False" data="VDD33_4" />
      <text name="pindes" originx="2260" originy="-1480" style="Default" rotation="0" justify="lowerleft" flipped="False" hidden="False" data="33" />
    </sympin>
    <sympin number="65" originx="400" originy="1600" rotation="90" length="100" width="7.8740157480315" flipped="False">
      <text name="pinname" originx="400" originy="1570" style="Default" rotation="0" justify="right" flipped="False" hidden="False" data="THERMAL_PAD" />
      <text name="pindes" originx="380" originy="1660" style="Default" rotation="0" justify="lowerleft" flipped="False" hidden="False" data="65" />
    </sympin>
    <sympin number="64" originx="500" originy="1600" rotation="90" length="100" width="7.8740157480315" flipped="False">
      <text name="pinname" originx="500" originy="1570" style="Default" rotation="0" justify="right" flipped="False" hidden="False" data="VDD33_8" />
      <text name="pindes" originx="480" originy="1660" style="Default" rotation="0" justify="lowerleft" flipped="False" hidden="False" data="64" />
    </sympin>
    <sympin number="63" originx="600" originy="1600" rotation="90" length="100" width="7.8740157480315" flipped="False">
      <text name="pinname" originx="600" originy="1570" style="Default" rotation="0" justify="right" flipped="False" hidden="False" data="RBIAS" />
      <text name="pindes" originx="580" originy="1660" style="Default" rotation="0" justify="lowerleft" flipped="False" hidden="False" data="63" />
    </sympin>
    <sympin number="62" originx="700" originy="1600" rotation="90" length="100" width="7.8740157480315" flipped="False">
      <text name="pinname" originx="700" originy="1570" style="Default" rotation="0" justify="right" flipped="False" hidden="False" data="PLLFILT" />
      <text name="pindes" originx="680" originy="1660" style="Default" rotation="0" justify="lowerleft" flipped="False" hidden="False" data="62" />
    </sympin>
    <sympin number="61" originx="800" originy="1600" rotation="90" length="100" width="7.8740157480315" flipped="False">
      <text name="pinname" originx="800" originy="1570" style="Default" rotation="0" justify="right" flipped="False" hidden="False" data="XTAL(CLKIN)" />
      <text name="pindes" originx="780" originy="1660" style="Default" rotation="0" justify="lowerleft" flipped="False" hidden="False" data="61" />
    </sympin>
    <sympin number="60" originx="900" originy="1600" rotation="90" length="100" width="7.8740157480315" flipped="False">
      <text name="pinname" originx="900" originy="1570" style="Default" rotation="0" justify="right" flipped="False" hidden="False" data="XTAL2" />
      <text name="pindes" originx="880" originy="1660" style="Default" rotation="0" justify="lowerleft" flipped="False" hidden="False" data="60" />
    </sympin>
    <sympin number="59" originx="1000" originy="1600" rotation="90" length="100" width="7.8740157480315" flipped="False">
      <text name="pinname" originx="1000" originy="1570" style="Default" rotation="0" justify="right" flipped="False" hidden="False" data="USBUP_DM" />
      <text name="pindes" originx="980" originy="1660" style="Default" rotation="0" justify="lowerleft" flipped="False" hidden="False" data="59" />
    </sympin>
    <sympin number="58" originx="1100" originy="1600" rotation="90" length="100" width="7.8740157480315" flipped="False">
      <text name="pinname" originx="1100" originy="1570" style="Default" rotation="0" justify="right" flipped="False" hidden="False" data="USBUP_DP" />
      <text name="pindes" originx="1080" originy="1660" style="Default" rotation="0" justify="lowerleft" flipped="False" hidden="False" data="58" />
    </sympin>
    <sympin number="57" originx="1200" originy="1600" rotation="90" length="100" width="7.8740157480315" flipped="False">
      <text name="pinname" originx="1200" originy="1570" style="Default" rotation="0" justify="right" flipped="False" hidden="False" data="VDD33_7" />
      <text name="pindes" originx="1180" originy="1660" style="Default" rotation="0" justify="lowerleft" flipped="False" hidden="False" data="57" />
    </sympin>
    <sympin number="56" originx="1300" originy="1600" rotation="90" length="100" width="7.8740157480315" flipped="False">
      <text name="pinname" originx="1300" originy="1570" style="Default" rotation="0" justify="right" flipped="False" hidden="False" data="TEST" />
      <text name="pindes" originx="1280" originy="1660" style="Default" rotation="0" justify="lowerleft" flipped="False" hidden="False" data="56" />
    </sympin>
    <sympin number="55" originx="1400" originy="1600" rotation="90" length="100" width="7.8740157480315" flipped="False">
      <text name="pinname" originx="1400" originy="1570" style="Default" rotation="0" justify="right" flipped="False" hidden="False" data="VBUS_DET" />
      <text name="pindes" originx="1380" originy="1660" style="Default" rotation="0" justify="lowerleft" flipped="False" hidden="False" data="55" />
    </sympin>
    <sympin number="54" originx="1500" originy="1600" rotation="90" length="100" width="7.8740157480315" flipped="False">
      <text name="pinname" originx="1500" originy="1570" style="Default" rotation="0" justify="right" flipped="False" hidden="False" data="NRESET" />
      <text name="pindes" originx="1480" originy="1660" style="Default" rotation="0" justify="lowerleft" flipped="False" hidden="False" data="54" />
    </sympin>
    <sympin number="53" originx="1600" originy="1600" rotation="90" length="100" width="7.8740157480315" flipped="False">
      <text name="pinname" originx="1600" originy="1570" style="Default" rotation="0" justify="right" flipped="False" hidden="False" data="GPIO1/LED/TXD" />
      <text name="pindes" originx="1580" originy="1660" style="Default" rotation="0" justify="lowerleft" flipped="False" hidden="False" data="53" />
    </sympin>
    <sympin number="52" originx="1700" originy="1600" rotation="90" length="100" width="7.8740157480315" flipped="False">
      <text name="pinname" originx="1700" originy="1570" style="Default" rotation="0" justify="right" flipped="False" hidden="False" data="SPI_DI" />
      <text name="pindes" originx="1680" originy="1660" style="Default" rotation="0" justify="lowerleft" flipped="False" hidden="False" data="52" />
    </sympin>
    <sympin number="51" originx="1800" originy="1600" rotation="90" length="100" width="7.8740157480315" flipped="False">
      <text name="pinname" originx="1800" originy="1570" style="Default" rotation="0" justify="right" flipped="False" hidden="False" data="SPI_DO/GPIO5/SDA/SPI_SPD_SEL" />
      <text name="pindes" originx="1780" originy="1660" style="Default" rotation="0" justify="lowerleft" flipped="False" hidden="False" data="51" />
    </sympin>
    <sympin number="50" originx="1900" originy="1600" rotation="90" length="100" width="7.8740157480315" flipped="False">
      <text name="pinname" originx="1900" originy="1570" style="Default" rotation="0" justify="right" flipped="False" hidden="False" data="SPI_CLK/GPIO4/SCL" />
      <text name="pindes" originx="1880" originy="1660" style="Default" rotation="0" justify="lowerleft" flipped="False" hidden="False" data="50" />
    </sympin>
    <sympin number="49" originx="2000" originy="1600" rotation="90" length="100" width="7.8740157480315" flipped="False">
      <text name="pinname" originx="2000" originy="1570" style="Default" rotation="0" justify="right" flipped="False" hidden="False" data="SPI_CE_N" />
      <text name="pindes" originx="1980" originy="1660" style="Default" rotation="0" justify="lowerleft" flipped="False" hidden="False" data="49" />
    </sympin>
  </symbol>
  <component name="USB2660I-JZX-03" designatorprefix="IC" height="39.370078740157" footprint="QFN50P900X900X100-65N">
    <comppin designator="1" sympin="1" pinswap="0" gateswap="0" gate="1" group="1" side="" type="Any" name="USBDN_DM2" />
    <comppin designator="2" sympin="2" pinswap="0" gateswap="0" gate="1" group="1" side="" type="Any" name="USBDN_DP2" />
    <comppin designator="3" sympin="3" pinswap="0" gateswap="0" gate="1" group="1" side="" type="Any" name="USBDN_DM3" />
    <comppin designator="4" sympin="4" pinswap="0" gateswap="0" gate="1" group="1" side="" type="Any" name="USBDN_DP3" />
    <comppin designator="5" sympin="5" pinswap="0" gateswap="0" gate="1" group="1" side="" type="Any" name="VDD33_1" />
    <comppin designator="6" sympin="6" pinswap="0" gateswap="0" gate="1" group="1" side="" type="Any" name="PRTCTL2" />
    <comppin designator="7" sympin="7" pinswap="0" gateswap="0" gate="1" group="1" side="" type="Any" name="PRTCTL3" />
    <comppin designator="8" sympin="8" pinswap="0" gateswap="0" gate="1" group="1" side="" type="Any" name="SD2_NCD/GPIO16" />
    <comppin designator="9" sympin="9" pinswap="0" gateswap="0" gate="1" group="1" side="" type="Any" name="SD2_D1/GPIO19" />
    <comppin designator="10" sympin="10" pinswap="0" gateswap="0" gate="1" group="1" side="" type="Any" name="SD2_D0/GPIO18" />
    <comppin designator="11" sympin="11" pinswap="0" gateswap="0" gate="1" group="1" side="" type="Any" name="SD2_D7/GPIO25" />
    <comppin designator="12" sympin="12" pinswap="0" gateswap="0" gate="1" group="1" side="" type="Any" name="SD2_D6/GPIO24" />
    <comppin designator="13" sympin="13" pinswap="0" gateswap="0" gate="1" group="1" side="" type="Any" name="SD2_CLK/GPIO26" />
    <comppin designator="14" sympin="14" pinswap="0" gateswap="0" gate="1" group="1" side="" type="Any" name="VDD33_2" />
    <comppin designator="15" sympin="15" pinswap="0" gateswap="0" gate="1" group="1" side="" type="Any" name="GPIO8_(CRD_PWR2)" />
    <comppin designator="16" sympin="16" pinswap="0" gateswap="0" gate="1" group="1" side="" type="Any" name="SD2_D5/GPIO23" />
    <comppin designator="17" sympin="17" pinswap="0" gateswap="0" gate="1" group="1" side="" type="Any" name="SD2_CMD/GPIO27" />
    <comppin designator="18" sympin="18" pinswap="0" gateswap="0" gate="1" group="1" side="" type="Any" name="SD2_D4/GPIO22" />
    <comppin designator="19" sympin="19" pinswap="0" gateswap="0" gate="1" group="1" side="" type="Any" name="SD2_D3/GPIO21" />
    <comppin designator="20" sympin="20" pinswap="0" gateswap="0" gate="1" group="1" side="" type="Any" name="SD2_D2/GPIO20" />
    <comppin designator="21" sympin="21" pinswap="0" gateswap="0" gate="1" group="1" side="" type="Any" name="GPIO6/SD1_WP/MS_SCLK/XD_D4" />
    <comppin designator="22" sympin="22" pinswap="0" gateswap="0" gate="1" group="1" side="" type="Any" name="GPIO15/SD1_NCD" />
    <comppin designator="23" sympin="23" pinswap="0" gateswap="0" gate="1" group="1" side="" type="Any" name="CRFILT" />
    <comppin designator="24" sympin="24" pinswap="0" gateswap="0" gate="1" group="1" side="" type="Any" name="VDD33_3" />
    <comppin designator="25" sympin="25" pinswap="0" gateswap="0" gate="1" group="1" side="" type="Any" name="SD1_D1/MS_D5/XD_D3" />
    <comppin designator="26" sympin="26" pinswap="0" gateswap="0" gate="1" group="1" side="" type="Any" name="SD1_D0/MS_D4/XD_D2" />
    <comppin designator="27" sympin="27" pinswap="0" gateswap="0" gate="1" group="1" side="" type="Any" name="SD1_D7/MS_D6/XD_D1" />
    <comppin designator="28" sympin="28" pinswap="0" gateswap="0" gate="1" group="1" side="" type="Any" name="SD1_D6/MS_D7/XD_D0" />
    <comppin designator="29" sympin="29" pinswap="0" gateswap="0" gate="1" group="1" side="" type="Any" name="SD1_CLK/MS_BS/XD_NWP" />
    <comppin designator="30" sympin="30" pinswap="0" gateswap="0" gate="1" group="1" side="" type="Any" name="XD_NWE" />
    <comppin designator="31" sympin="31" pinswap="0" gateswap="0" gate="1" group="1" side="" type="Any" name="SD1D5/MS_D1/XD_ALE" />
    <comppin designator="32" sympin="32" pinswap="0" gateswap="0" gate="1" group="1" side="" type="Any" name="SD1_CMD/MS_D0/XD_CLE" />
    <comppin designator="33" sympin="33" pinswap="0" gateswap="0" gate="1" group="1" side="" type="Any" name="VDD33_4" />
    <comppin designator="34" sympin="34" pinswap="0" gateswap="0" gate="1" group="1" side="" type="Any" name="XD_NCE" />
    <comppin designator="35" sympin="35" pinswap="0" gateswap="0" gate="1" group="1" side="" type="Any" name="XD_NRE" />
    <comppin designator="36" sympin="36" pinswap="0" gateswap="0" gate="1" group="1" side="" type="Any" name="XD_NB/R" />
    <comppin designator="37" sympin="37" pinswap="0" gateswap="0" gate="1" group="1" side="" type="Any" name="GPIO14/XD_NCD" />
    <comppin designator="38" sympin="38" pinswap="0" gateswap="0" gate="1" group="1" side="" type="Any" name="SD1_D4/MS_D2/XD_D7" />
    <comppin designator="39" sympin="39" pinswap="0" gateswap="0" gate="1" group="1" side="" type="Any" name="GPIO12/MS_INS" />
    <comppin designator="40" sympin="40" pinswap="0" gateswap="0" gate="1" group="1" side="" type="Any" name="SD1_D3/MS_D3/XD_D6" />
    <comppin designator="41" sympin="41" pinswap="0" gateswap="0" gate="1" group="1" side="" type="Any" name="SD1_D2/XD_D5" />
    <comppin designator="42" sympin="42" pinswap="0" gateswap="0" gate="1" group="1" side="" type="Any" name="VDD33_5" />
    <comppin designator="43" sympin="43" pinswap="0" gateswap="0" gate="1" group="1" side="" type="Any" name="GPIO10_(CRD_PWR1)" />
    <comppin designator="44" sympin="44" pinswap="0" gateswap="0" gate="1" group="1" side="" type="Any" name="GPIO2/RXD" />
    <comppin designator="45" sympin="45" pinswap="0" gateswap="0" gate="1" group="1" side="" type="Any" name="SD2_WP/GPIO17" />
    <comppin designator="46" sympin="46" pinswap="0" gateswap="0" gate="1" group="1" side="" type="Any" name="NC_1" />
    <comppin designator="47" sympin="47" pinswap="0" gateswap="0" gate="1" group="1" side="" type="Any" name="VDD33_6" />
    <comppin designator="48" sympin="48" pinswap="0" gateswap="0" gate="1" group="1" side="" type="Any" name="NC_2" />
    <comppin designator="49" sympin="49" pinswap="0" gateswap="0" gate="1" group="1" side="" type="Any" name="SPI_CE_N" />
    <comppin designator="50" sympin="50" pinswap="0" gateswap="0" gate="1" group="1" side="" type="Any" name="SPI_CLK/GPIO4/SCL" />
    <comppin designator="51" sympin="51" pinswap="0" gateswap="0" gate="1" group="1" side="" type="Any" name="SPI_DO/GPIO5/SDA/SPI_SPD_SEL" />
    <comppin designator="52" sympin="52" pinswap="0" gateswap="0" gate="1" group="1" side="" type="Any" name="SPI_DI" />
    <comppin designator="53" sympin="53" pinswap="0" gateswap="0" gate="1" group="1" side="" type="Any" name="GPIO1/LED/TXD" />
    <comppin designator="54" sympin="54" pinswap="0" gateswap="0" gate="1" group="1" side="" type="Any" name="NRESET" />
    <comppin designator="55" sympin="55" pinswap="0" gateswap="0" gate="1" group="1" side="" type="Any" name="VBUS_DET" />
    <comppin designator="56" sympin="56" pinswap="0" gateswap="0" gate="1" group="1" side="" type="Any" name="TEST" />
    <comppin designator="57" sympin="57" pinswap="0" gateswap="0" gate="1" group="1" side="" type="Any" name="VDD33_7" />
    <comppin designator="58" sympin="58" pinswap="0" gateswap="0" gate="1" group="1" side="" type="Any" name="USBUP_DP" />
    <comppin designator="59" sympin="59" pinswap="0" gateswap="0" gate="1" group="1" side="" type="Any" name="USBUP_DM" />
    <comppin designator="60" sympin="60" pinswap="0" gateswap="0" gate="1" group="1" side="" type="Any" name="XTAL2" />
    <comppin designator="61" sympin="61" pinswap="0" gateswap="0" gate="1" group="1" side="" type="Any" name="XTAL(CLKIN)" />
    <comppin designator="62" sympin="62" pinswap="0" gateswap="0" gate="1" group="1" side="" type="Any" name="PLLFILT" />
    <comppin designator="63" sympin="63" pinswap="0" gateswap="0" gate="1" group="1" side="" type="Any" name="RBIAS" />
    <comppin designator="64" sympin="64" pinswap="0" gateswap="0" gate="1" group="1" side="" type="Any" name="VDD33_8" />
    <comppin designator="65" sympin="65" pinswap="0" gateswap="0" gate="1" group="1" side="" type="Any" name="THERMAL_PAD" />
    <attached_symbol gate="1" name="USB2660I-JZX-03" />
    <pinmap designator="1" footprintpin="1" />
    <pinmap designator="2" footprintpin="2" />
    <pinmap designator="3" footprintpin="3" />
    <pinmap designator="4" footprintpin="4" />
    <pinmap designator="5" footprintpin="5" />
    <pinmap designator="6" footprintpin="6" />
    <pinmap designator="7" footprintpin="7" />
    <pinmap designator="8" footprintpin="8" />
    <pinmap designator="9" footprintpin="9" />
    <pinmap designator="10" footprintpin="10" />
    <pinmap designator="11" footprintpin="11" />
    <pinmap designator="12" footprintpin="12" />
    <pinmap designator="13" footprintpin="13" />
    <pinmap designator="14" footprintpin="14" />
    <pinmap designator="15" footprintpin="15" />
    <pinmap designator="16" footprintpin="16" />
    <pinmap designator="17" footprintpin="17" />
    <pinmap designator="18" footprintpin="18" />
    <pinmap designator="19" footprintpin="19" />
    <pinmap designator="20" footprintpin="20" />
    <pinmap designator="21" footprintpin="21" />
    <pinmap designator="22" footprintpin="22" />
    <pinmap designator="23" footprintpin="23" />
    <pinmap designator="24" footprintpin="24" />
    <pinmap designator="25" footprintpin="25" />
    <pinmap designator="26" footprintpin="26" />
    <pinmap designator="27" footprintpin="27" />
    <pinmap designator="28" footprintpin="28" />
    <pinmap designator="29" footprintpin="29" />
    <pinmap designator="30" footprintpin="30" />
    <pinmap designator="31" footprintpin="31" />
    <pinmap designator="32" footprintpin="32" />
    <pinmap designator="33" footprintpin="33" />
    <pinmap designator="34" footprintpin="34" />
    <pinmap designator="35" footprintpin="35" />
    <pinmap designator="36" footprintpin="36" />
    <pinmap designator="37" footprintpin="37" />
    <pinmap designator="38" footprintpin="38" />
    <pinmap designator="39" footprintpin="39" />
    <pinmap designator="40" footprintpin="40" />
    <pinmap designator="41" footprintpin="41" />
    <pinmap designator="42" footprintpin="42" />
    <pinmap designator="43" footprintpin="43" />
    <pinmap designator="44" footprintpin="44" />
    <pinmap designator="45" footprintpin="45" />
    <pinmap designator="46" footprintpin="46" />
    <pinmap designator="47" footprintpin="47" />
    <pinmap designator="48" footprintpin="48" />
    <pinmap designator="49" footprintpin="49" />
    <pinmap designator="50" footprintpin="50" />
    <pinmap designator="51" footprintpin="51" />
    <pinmap designator="52" footprintpin="52" />
    <pinmap designator="53" footprintpin="53" />
    <pinmap designator="54" footprintpin="54" />
    <pinmap designator="55" footprintpin="55" />
    <pinmap designator="56" footprintpin="56" />
    <pinmap designator="57" footprintpin="57" />
    <pinmap designator="58" footprintpin="58" />
    <pinmap designator="59" footprintpin="59" />
    <pinmap designator="60" footprintpin="60" />
    <pinmap designator="61" footprintpin="61" />
    <pinmap designator="62" footprintpin="62" />
    <pinmap designator="63" footprintpin="63" />
    <pinmap designator="64" footprintpin="64" />
    <pinmap designator="65" footprintpin="65" />
    <text name="Datasheet" originx="0" originy="0" style="Default" rotation="0" justify="" flipped="False" hidden="True" data="http://ww1.microchip.com/downloads/en/DeviceDoc/2660.pdf" />
    <text name="Description" originx="0" originy="0" style="Default" rotation="0" justify="" flipped="False" hidden="True" data="USB 2.0 Hub/Flash Controller, 2xSD QFN64 USB2660I-JZX-03, USB Controller 2-channel 35Mbit/s USB 2.0, 3.3 V, 64-Pin, QFN" />
    <text name="Manufacturer_Name" originx="0" originy="0" style="Default" rotation="0" justify="" flipped="False" hidden="True" data="Microchip" />
    <text name="Manufacturer_Part_Number" originx="2250" originy="1700" style="Default" rotation="0" justify="left" flipped="False" hidden="False" data="USB2660I-JZX-03" />
    <text name="Mouser Part Number" originx="0" originy="0" style="Default" rotation="0" justify="" flipped="False" hidden="True" data="886-USB2660I-JZX-03" />
    <text name="Mouser Price/Stock" originx="0" originy="0" style="Default" rotation="0" justify="" flipped="False" hidden="True" data="https://www.mouser.co.uk/ProductDetail/Microchip-Technology/USB2660I-JZX-03?qs=pA5MXup5wxF4SyckQTt9KA%3D%3D" />
    <text name="Arrow Part Number" originx="0" originy="0" style="Default" rotation="0" justify="" flipped="False" hidden="True" data="USB2660I-JZX-03" />
    <text name="Arrow Price/Stock" originx="0" originy="0" style="Default" rotation="0" justify="" flipped="False" hidden="True" data="https://www.arrow.com/en/products/usb2660i-jzx-03/microchip-technology?region=europe" />
  </component>
</quadcept_library>
